Date,0-9,10-19,20-29,30-39,40-49,50-59,60-69,70-79,80-89,90+
2020-02-24 00:00:00,0,0,0,0,0,0,0,0,0,0
2020-02-25 00:00:00,0,0,0,0,0,0,0,0,0,0
2020-02-26 00:00:00,0,0,0,0,0,0,0,0,0,0
2020-02-27 00:00:00,0,0,0,0,0,0,0,0,0,0
2020-02-28 00:00:00,0,0,0,0,0,0,0,0,0,0
2020-02-29 00:00:00,0,0,0,0,0,0,0,0,0,0
2020-03-01 00:00:00,0,0,0,0,0,0,0,0,0,0
2020-03-02 00:00:00,0,0,0,0,0,0,0,0,0,0
2020-03-03 00:00:00,0,0,0,0,0,0,0,0,0,0
2020-03-04 00:00:00,0,0,0,0,0,0,0,0,0,0
2020-03-05 00:00:00,0,0,0,0,0,0,0,0,0,0
2020-03-06 00:00:00,0,0,0,1,0,0,0,0,0,0
2020-03-07 00:00:00,0,0,0,0,0,0,0,0,0,0
2020-03-08 00:00:00,0,0,0,0,0,0,0,0,0,0
2020-03-09 00:00:00,0,0,0,0,0,0,0,0,0,0
2020-03-10 00:00:00,0,0,0,0,0,0,0,0,0,0
2020-03-11 00:00:00,0,0,0,0,0,2,0,0,0,0
2020-03-12 00:00:00,0,0,0,1,0,1,0,0,0,0
2020-03-13 00:00:00,1,0,0,0,0,0,0,0,0,0
2020-03-14 00:00:00,0,0,0,0,0,1,0,0,0,0
2020-03-15 00:00:00,0,0,0,0,2,0,0,0,0,0
2020-03-16 00:00:00,0,0,1,1,1,0,1,1,0,0
2020-03-17 00:00:00,0,0,0,1,0,0,2,0,1,0
2020-03-18 00:00:00,0,0,2,0,2,2,1,1,0,0
2020-03-19 00:00:00,3,0,3,4,11,12,10,3,2,0
2020-03-20 00:00:00,2,3,3,12,13,20,17,2,2,1
2020-03-21 00:00:00,2,2,15,16,23,34,32,11,4,0
2020-03-22 00:00:00,1,5,27,29,34,26,32,13,4,0
2020-03-23 00:00:00,10,11,32,36,49,48,41,19,11,1
2020-03-24 00:00:00,4,8,33,39,33,39,31,26,4,3
2020-03-25 00:00:00,5,10,29,31,35,46,41,32,16,4
2020-03-26 00:00:00,4,22,67,63,58,46,40,21,15,7
2020-03-27 00:00:00,8,11,91,83,69,70,49,26,16,10
2020-03-28 00:00:00,3,16,72,72,82,65,44,24,19,8
2020-03-29 00:00:00,6,20,74,73,83,100,66,39,26,13
2020-03-30 00:00:00,8,31,93,107,97,105,68,45,28,20
2020-03-31 00:00:00,5,36,121,99,153,105,71,68,69,26
2020-04-01 00:00:00,6,22,74,79,109,82,69,47,59,26
2020-04-02 00:00:00,4,24,104,114,116,120,79,68,54,32
2020-04-03 00:00:00,12,20,67,108,114,109,65,39,44,35
2020-04-04 00:00:00,6,8,57,83,105,75,68,65,98,58
2020-04-05 00:00:00,6,10,55,65,80,72,47,48,83,40
2020-04-06 00:00:00,4,17,70,71,116,94,60,47,76,57
2020-04-07 00:00:00,2,14,99,119,128,116,84,83,97,78
2020-04-08 00:00:00,3,9,56,77,97,94,49,47,67,54
2020-04-09 00:00:00,2,10,80,108,146,125,77,58,124,78
2020-04-10 00:00:00,2,4,49,53,75,89,48,62,102,79
2020-04-11 00:00:00,3,5,45,64,116,81,47,60,147,84
2020-04-12 00:00:00,5,10,71,108,124,132,59,67,142,103
2020-04-13 00:00:00,0,8,77,112,169,145,57,59,129,104
2020-04-14 00:00:00,3,12,71,112,145,147,95,84,218,164
2020-04-15 00:00:00,2,7,84,93,125,135,86,93,148,111
2020-04-16 00:00:00,2,11,78,85,129,140,79,92,138,108
2020-04-17 00:00:00,3,14,69,80,103,94,66,81,171,153
2020-04-18 00:00:00,2,12,61,61,95,89,51,81,129,106
2020-04-19 00:00:00,1,13,63,78,94,89,62,73,105,79
2020-04-20 00:00:00,5,6,77,74,103,94,64,63,123,90
2020-04-21 00:00:00,3,7,66,76,89,108,57,69,114,80
2020-04-22 00:00:00,2,14,81,82,115,118,77,65,134,107
2020-04-23 00:00:00,2,9,68,80,103,121,73,84,110,96
2020-04-24 00:00:00,1,12,88,83,101,98,70,77,133,113
2020-04-25 00:00:00,3,7,72,79,97,85,50,67,125,90
2020-04-26 00:00:00,0,11,76,76,91,82,57,46,91,74
2020-04-27 00:00:00,4,7,93,101,113,95,50,66,95,68
2020-04-28 00:00:00,4,10,75,108,124,124,59,70,140,94
2020-04-29 00:00:00,4,13,81,101,115,100,78,101,153,101
2020-04-30 00:00:00,4,16,92,84,118,99,83,77,137,101
2020-05-01 00:00:00,6,16,87,84,122,129,67,84,149,99
2020-05-02 00:00:00,7,21,65,99,118,109,65,59,130,85
2020-05-03 00:00:00,8,9,77,115,147,131,54,38,93,59
2020-05-04 00:00:00,6,11,77,79,96,92,53,46,64,44
2020-05-05 00:00:00,7,12,85,121,135,139,60,66,142,77
2020-05-06 00:00:00,3,12,82,101,131,130,88,77,150,102
2020-05-07 00:00:00,7,19,106,126,99,127,61,76,87,79
2020-05-08 00:00:00,7,22,87,91,114,113,57,60,96,45
2020-05-09 00:00:00,13,16,80,81,88,106,45,49,79,49
2020-05-10 00:00:00,9,31,88,88,99,107,65,44,77,62
2020-05-11 00:00:00,9,18,67,83,83,94,50,50,61,45
2020-05-12 00:00:00,4,20,90,81,103,90,51,58,83,49
2020-05-13 00:00:00,11,27,97,96,85,98,58,61,94,53
2020-05-14 00:00:00,8,31,73,87,96,104,61,73,107,74
2020-05-15 00:00:00,12,38,98,83,105,95,61,40,91,71
2020-05-16 00:00:00,32,40,107,107,90,110,61,51,86,52
2020-05-17 00:00:00,16,32,89,85,96,96,71,39,63,38
2020-05-18 00:00:00,14,39,61,75,87,74,48,38,70,39
2020-05-19 00:00:00,11,31,78,103,93,109,61,41,49,53
2020-05-20 00:00:00,16,28,101,91,102,107,68,40,61,44
2020-05-21 00:00:00,8,26,79,79,100,101,49,41,110,60
2020-05-22 00:00:00,8,32,92,62,75,91,38,26,46,42
2020-05-23 00:00:00,12,25,86,68,83,81,38,32,46,30
2020-05-24 00:00:00,27,37,98,61,87,66,49,35,50,32
2020-05-25 00:00:00,16,19,57,37,56,49,49,28,31,16
2020-05-26 00:00:00,6,17,51,46,67,67,44,31,42,26
2020-05-27 00:00:00,12,21,64,65,57,56,35,34,39,28
2020-05-28 00:00:00,13,18,52,45,61,60,34,30,36,34
2020-05-29 00:00:00,8,21,45,61,59,55,34,29,46,23
2020-05-30 00:00:00,11,30,49,55,60,32,33,26,35,36
2020-05-31 00:00:00,13,14,47,33,42,32,25,10,21,10
2020-06-01 00:00:00,13,17,35,43,38,37,24,12,22,13
2020-06-02 00:00:00,7,8,30,50,33,42,17,19,13,10
2020-06-03 00:00:00,7,11,40,35,29,29,23,15,28,17
2020-06-04 00:00:00,8,20,29,40,34,36,17,13,23,15
2020-06-05 00:00:00,10,25,49,29,37,30,16,13,14,13
2020-06-06 00:00:00,6,14,44,23,33,34,23,9,17,9
2020-06-07 00:00:00,12,14,30,21,21,17,12,9,12,9
2020-06-08 00:00:00,5,15,13,11,22,25,7,9,4,7
2020-06-09 00:00:00,5,15,30,23,27,18,14,17,12,11
2020-06-10 00:00:00,7,9,34,22,24,12,12,14,11,10
2020-06-11 00:00:00,1,13,21,15,23,16,15,19,9,9
2020-06-12 00:00:00,8,9,23,24,24,19,9,15,14,6
2020-06-13 00:00:00,0,10,23,12,22,10,8,9,10,2
2020-06-14 00:00:00,5,10,14,8,18,10,4,5,7,3
2020-06-15 00:00:00,3,8,23,8,13,15,10,2,7,2
2020-06-16 00:00:00,3,12,18,18,12,12,10,2,9,4
2020-06-17 00:00:00,6,5,27,17,18,13,13,9,3,4
2020-06-18 00:00:00,4,7,25,15,16,16,7,2,6,5
2020-06-19 00:00:00,3,3,25,17,14,13,9,4,5,3
2020-06-20 00:00:00,4,4,14,14,16,13,9,6,7,2
2020-06-21 00:00:00,5,7,24,9,6,13,6,1,2,2
2020-06-22 00:00:00,1,3,19,8,12,5,7,5,5,2
2020-06-23 00:00:00,9,7,20,8,8,7,5,9,4,0
2020-06-24 00:00:00,4,8,13,14,14,10,8,5,4,2
2020-06-25 00:00:00,5,5,17,11,10,6,4,6,4,1
2020-06-26 00:00:00,3,2,12,8,13,8,5,4,3,3
2020-06-27 00:00:00,3,11,13,15,9,10,7,1,3,2
2020-06-28 00:00:00,5,6,5,11,7,3,5,5,4,1
2020-06-29 00:00:00,4,2,6,4,6,4,1,2,3,1
2020-06-30 00:00:00,8,11,18,17,13,10,1,8,1,0
2020-07-01 00:00:00,7,11,14,11,10,12,8,5,4,1
2020-07-02 00:00:00,6,11,12,6,13,9,5,3,0,5
2020-07-03 00:00:00,7,14,12,13,5,7,7,9,8,5
2020-07-04 00:00:00,1,19,18,10,9,10,7,12,2,4
2020-07-05 00:00:00,3,15,11,4,4,3,4,3,5,1
2020-07-06 00:00:00,3,21,13,5,6,9,2,3,2,1
2020-07-07 00:00:00,4,23,23,20,6,7,8,9,4,1
2020-07-08 00:00:00,5,23,28,13,16,16,10,7,3,1
2020-07-09 00:00:00,4,23,43,14,13,11,5,5,2,1
2020-07-10 00:00:00,4,14,28,11,16,11,4,2,5,2
2020-07-11 00:00:00,9,22,28,16,12,9,3,4,3,2
2020-07-12 00:00:00,3,14,18,6,4,9,3,5,7,5
2020-07-13 00:00:00,12,19,43,27,14,6,10,5,1,0
2020-07-14 00:00:00,7,13,44,28,9,6,5,4,2,5
2020-07-15 00:00:00,3,12,54,31,25,17,7,2,3,1
2020-07-16 00:00:00,3,9,66,27,12,11,3,1,4,1
2020-07-17 00:00:00,7,15,61,35,20,16,8,7,6,2
2020-07-18 00:00:00,4,26,68,37,33,14,9,3,1,0
2020-07-19 00:00:00,3,13,37,23,11,10,6,2,4,2
2020-07-20 00:00:00,4,13,51,27,21,13,4,8,2,1
2020-07-21 00:00:00,14,16,51,23,39,28,10,8,3,1
2020-07-22 00:00:00,13,14,82,30,18,17,5,3,3,2
2020-07-23 00:00:00,12,21,68,20,18,10,7,2,3,0
2020-07-24 00:00:00,10,11,40,30,24,27,6,2,3,0
2020-07-25 00:00:00,7,10,44,20,23,21,9,8,3,0
2020-07-26 00:00:00,2,17,18,18,21,15,4,6,4,1
2020-07-27 00:00:00,9,18,17,17,15,15,11,2,9,0
2020-07-28 00:00:00,8,11,31,24,18,16,9,9,7,5
2020-07-29 00:00:00,10,19,56,32,13,19,8,9,3,4
2020-07-30 00:00:00,7,17,58,23,26,16,5,4,3,1
2020-07-31 00:00:00,3,16,40,20,11,15,9,4,4,1
2020-08-01 00:00:00,6,12,31,26,14,14,10,7,2,1
2020-08-02 00:00:00,5,14,30,14,13,14,3,5,4,0
2020-08-03 00:00:00,7,17,41,29,15,13,11,4,1,2
2020-08-04 00:00:00,6,13,47,22,19,19,12,2,4,4
2020-08-05 00:00:00,6,15,25,23,21,20,10,5,4,1
2020-08-06 00:00:00,3,12,33,10,11,12,9,10,6,0
2020-08-07 00:00:00,7,11,33,19,15,18,5,9,4,3
2020-08-08 00:00:00,7,13,35,14,15,10,11,7,6,2
2020-08-09 00:00:00,2,10,13,17,12,16,9,4,5,3
2020-08-10 00:00:00,1,6,18,13,13,9,9,7,2,4
2020-08-11 00:00:00,4,16,23,13,11,12,11,7,9,6
2020-08-12 00:00:00,5,5,27,14,16,16,7,6,4,0
2020-08-13 00:00:00,3,7,24,10,12,11,4,4,6,2
2020-08-14 00:00:00,2,6,18,9,8,10,2,8,2,0
2020-08-15 00:00:00,2,4,15,8,10,9,4,2,4,2
2020-08-16 00:00:00,0,7,14,9,7,5,0,0,5,1
2020-08-17 00:00:00,2,6,9,7,7,5,7,4,6,1
2020-08-18 00:00:00,8,9,16,11,13,10,6,5,8,3
2020-08-19 00:00:00,0,14,23,10,14,10,5,8,8,1
2020-08-20 00:00:00,1,17,35,14,17,10,5,6,1,1
2020-08-21 00:00:00,0,7,36,13,17,13,7,3,3,3
2020-08-22 00:00:00,8,19,15,17,13,7,0,8,1,1
2020-08-23 00:00:00,0,5,19,6,4,5,5,2,1,0
2020-08-24 00:00:00,2,8,12,10,6,4,8,4,0,0
2020-08-25 00:00:00,8,7,30,20,19,15,6,10,5,6
2020-08-26 00:00:00,9,12,38,26,12,15,8,3,5,4
2020-08-27 00:00:00,4,12,22,11,23,9,12,8,3,0
2020-08-28 00:00:00,5,8,33,22,20,15,8,10,4,6
2020-08-29 00:00:00,10,15,30,17,10,15,9,6,5,3
2020-08-30 00:00:00,8,12,32,20,10,16,11,6,4,0
2020-08-31 00:00:00,8,18,23,13,21,27,8,8,6,1
2020-09-01 00:00:00,10,22,40,30,30,20,13,13,6,2
2020-09-02 00:00:00,5,19,33,32,26,20,8,12,7,6
2020-09-03 00:00:00,20,29,49,39,24,22,18,12,2,3
2020-09-04 00:00:00,18,24,39,34,19,24,18,13,9,5
2020-09-05 00:00:00,11,19,54,36,31,21,19,15,13,1
2020-09-06 00:00:00,16,21,46,26,26,13,8,7,18,12
2020-09-07 00:00:00,7,15,37,20,22,25,7,11,5,2
2020-09-08 00:00:00,10,30,50,32,36,16,16,6,8,4
2020-09-09 00:00:00,15,34,71,38,31,19,20,8,9,4
2020-09-10 00:00:00,10,34,65,41,41,25,6,10,8,5
2020-09-11 00:00:00,9,70,79,48,44,46,28,12,8,1
2020-09-12 00:00:00,16,69,83,41,44,34,14,20,8,2
2020-09-13 00:00:00,14,47,75,41,32,21,26,14,8,8
2020-09-14 00:00:00,14,39,59,34,26,20,26,14,12,9
2020-09-15 00:00:00,12,64,89,47,42,22,20,6,18,5
2020-09-16 00:00:00,18,49,73,42,38,31,21,17,21,15
2020-09-17 00:00:00,17,59,111,51,46,45,22,4,6,1
2020-09-18 00:00:00,21,73,142,69,71,54,32,22,10,2
2020-09-19 00:00:00,31,62,92,68,67,47,18,19,30,16
2020-09-20 00:00:00,28,99,124,73,53,62,29,18,9,7
2020-09-21 00:00:00,28,103,132,65,58,47,28,29,9,11
2020-09-22 00:00:00,23,85,136,75,80,59,35,23,13,7
2020-09-23 00:00:00,33,114,165,92,81,84,36,27,21,8
2020-09-24 00:00:00,34,117,168,123,113,67,58,26,21,11
2020-09-25 00:00:00,35,125,156,127,95,97,57,47,27,23
2020-09-26 00:00:00,31,139,191,137,128,109,61,43,28,9
2020-09-27 00:00:00,54,137,184,149,115,119,63,38,35,28
2020-09-28 00:00:00,27,129,187,136,129,122,70,35,25,10
2020-09-29 00:00:00,33,145,213,155,148,108,73,45,36,19
2020-09-30 00:00:00,45,149,237,136,162,124,86,53,56,22
2020-10-01 00:00:00,41,163,234,176,163,158,77,48,40,15
2020-10-02 00:00:00,63,203,253,198,171,146,129,62,49,32
2020-10-03 00:00:00,45,158,199,169,145,142,84,48,37,13
2020-10-04 00:00:00,36,151,182,145,124,122,79,45,26,12
2020-10-05 00:00:00,51,135,171,120,110,89,70,34,13,14
2020-10-06 00:00:00,50,186,215,177,166,123,80,49,32,18
2020-10-07 00:00:00,30,133,190,138,141,152,105,53,42,13
2020-10-08 00:00:00,38,163,206,159,170,131,105,56,45,29
2020-10-09 00:00:00,37,155,176,146,170,123,95,65,59,36
2020-10-10 00:00:00,43,159,171,139,136,121,82,53,44,17
2020-10-11 00:00:00,48,168,148,135,158,128,81,48,45,23
2020-10-12 00:00:00,39,92,107,99,116,111,56,37,33,6
2020-10-13 00:00:00,64,170,153,133,162,140,73,44,54,33
2020-10-14 00:00:00,58,170,156,180,190,167,107,59,65,28
2020-10-15 00:00:00,62,165,154,170,190,162,98,72,77,24
2020-10-16 00:00:00,85,189,193,164,190,163,97,75,62,33
2020-10-17 00:00:00,59,139,127,124,133,111,84,42,41,35
2020-10-18 00:00:00,66,140,133,97,120,109,54,32,25,20
2020-10-19 00:00:00,57,113,157,104,127,129,78,42,46,29
2020-10-20 00:00:00,61,155,163,138,191,141,83,65,47,19
2020-10-21 00:00:00,67,146,140,142,135,135,98,45,34,31
2020-10-22 00:00:00,74,144,126,126,148,119,80,43,40,21
2020-10-23 00:00:00,83,136,161,141,159,133,86,56,45,28
2020-10-24 00:00:00,73,114,128,140,139,115,75,45,44,23
2020-10-25 00:00:00,60,153,144,113,143,124,70,44,30,14
2020-10-26 00:00:00,54,112,88,95,96,105,47,45,47,29
2020-10-27 00:00:00,80,185,116,138,145,150,105,72,57,24
2020-10-28 00:00:00,77,133,130,118,149,118,70,52,54,29
2020-10-29 00:00:00,77,159,131,153,166,122,79,48,51,29
2020-10-30 00:00:00,68,172,125,128,122,140,66,61,59,34
2020-10-31 00:00:00,91,153,150,118,165,148,86,62,61,33
2020-11-01 00:00:00,81,124,127,141,144,123,63,52,39,20
2020-11-02 00:00:00,87,91,103,134,126,92,77,43,38,38
2020-11-03 00:00:00,114,125,147,142,155,135,83,60,59,47
2020-11-04 00:00:00,94,162,137,155,183,144,98,53,67,49
2020-11-05 00:00:00,133,174,189,214,194,149,105,76,69,34
2020-11-06 00:00:00,107,181,195,182,199,154,91,68,56,29
2020-11-07 00:00:00,116,196,189,165,188,146,87,77,64,45
2020-11-08 00:00:00,98,182,149,163,170,158,116,65,79,37
2020-11-09 00:00:00,112,176,185,161,222,150,133,70,58,34
2020-11-10 00:00:00,92,204,172,170,175,160,95,61,97,40
2020-11-11 00:00:00,108,205,163,176,190,160,84,65,68,42
2020-11-12 00:00:00,127,222,196,192,195,167,120,57,67,51
2020-11-13 00:00:00,112,215,199,176,213,179,121,76,86,39
2020-11-14 00:00:00,71,181,159,143,173,150,91,58,78,34
2020-11-15 00:00:00,84,165,152,166,151,163,117,57,39,16
2020-11-16 00:00:00,88,152,129,144,136,129,97,79,55,24
2020-11-17 00:00:00,92,161,155,164,177,172,126,66,93,58
2020-11-18 00:00:00,112,168,170,191,172,155,116,73,68,23
2020-11-19 00:00:00,98,179,183,145,149,148,92,72,76,42
2020-11-20 00:00:00,96,155,161,155,152,151,86,69,65,55
2020-11-21 00:00:00,75,170,156,126,137,128,83,64,88,62
2020-11-22 00:00:00,99,184,172,144,169,164,98,76,103,66
2020-11-23 00:00:00,83,108,140,142,150,126,67,60,68,43
2020-11-24 00:00:00,101,171,172,177,196,165,96,68,82,50
2020-11-25 00:00:00,112,193,199,185,208,168,110,78,100,76
2020-11-26 00:00:00,97,167,169,181,208,185,115,76,108,66
2020-11-27 00:00:00,116,175,242,207,209,174,121,56,82,32
2020-11-28 00:00:00,110,143,189,185,208,182,95,59,60,38
2020-11-29 00:00:00,105,149,198,167,170,156,108,60,83,51
2020-11-30 00:00:00,115,168,189,190,192,211,100,78,100,66
2020-12-01 00:00:00,162,183,226,220,227,210,127,72,89,72
2020-12-02 00:00:00,141,206,223,228,238,193,130,90,103,53
2020-12-03 00:00:00,171,214,260,276,264,209,130,63,74,50
2020-12-04 00:00:00,123,205,240,223,237,207,134,70,101,54
2020-12-05 00:00:00,127,239,254,242,255,196,141,103,89,57
2020-12-06 00:00:00,118,213,245,199,242,188,113,65,67,49
2020-12-07 00:00:00,123,213,211,211,231,179,99,83,85,60
2020-12-08 00:00:00,154,206,257,252,263,227,135,78,107,61
2020-12-09 00:00:00,134,250,260,241,288,224,117,105,108,69
2020-12-10 00:00:00,167,260,266,272,288,243,134,75,79,35
2020-12-11 00:00:00,165,257,285,314,328,241,142,94,101,79
2020-12-12 00:00:00,130,235,268,261,282,281,137,91,120,63
2020-12-13 00:00:00,162,252,227,218,233,240,116,90,93,54
2020-12-14 00:00:00,177,240,269,289,278,256,147,94,82,52
2020-12-15 00:00:00,165,250,288,263,290,220,147,86,100,59
2020-12-16 00:00:00,168,286,304,284,343,267,170,122,108,73
2020-12-17 00:00:00,163,276,332,309,334,261,175,119,134,91
2020-12-18 00:00:00,146,259,309,330,307,249,153,82,122,69
2020-12-19 00:00:00,172,294,297,283,316,266,184,125,156,72
2020-12-20 00:00:00,179,237,304,295,338,243,153,88,90,67
2020-12-21 00:00:00,191,255,306,286,319,287,164,75,78,42
2020-12-22 00:00:00,143,268,338,306,379,312,180,96,109,77
2020-12-23 00:00:00,187,282,405,342,375,296,206,133,100,51
2020-12-24 00:00:00,168,272,389,353,369,334,204,127,127,74
2020-12-25 00:00:00,167,249,314,357,360,325,212,120,147,72
2020-12-26 00:00:00,181,243,325,288,350,265,155,113,102,36
2020-12-27 00:00:00,175,238,338,337,351,319,200,119,114,49
2020-12-28 00:00:00,163,244,383,323,330,282,179,106,91,48
2020-12-29 00:00:00,179,337,526,472,522,420,266,166,135,82
2020-12-30 00:00:00,189,348,514,439,412,420,271,138,192,86
2020-12-31 00:00:00,189,292,433,402,346,352,222,123,114,83
2021-01-01 00:00:00,158,267,413,336,369,322,214,123,151,77
2021-01-02 00:00:00,147,250,420,340,315,310,216,130,106,55
2021-01-03 00:00:00,158,279,404,344,355,294,202,132,120,52
2021-01-04 00:00:00,155,283,426,387,372,348,208,158,124,53
2021-01-05 00:00:00,163,273,474,402,416,396,196,157,113,47
2021-01-06 00:00:00,144,298,486,372,373,328,204,143,208,97
2021-01-07 00:00:00,168,315,500,432,402,374,238,152,141,77
2021-01-08 00:00:00,177,308,423,351,360,342,232,153,129,51
2021-01-09 00:00:00,168,234,340,276,262,239,178,127,103,58
2021-01-10 00:00:00,176,280,361,296,327,316,185,131,105,65
2021-01-11 00:00:00,129,209,301,265,235,224,181,115,121,62
2021-01-12 00:00:00,146,208,355,321,352,281,186,151,109,58
2021-01-13 00:00:00,168,226,269,300,317,266,180,123,140,64
2021-01-14 00:00:00,149,208,317,305,272,280,160,109,102,64
2021-01-15 00:00:00,156,230,306,253,265,268,174,131,137,89
2021-01-16 00:00:00,162,193,303,232,238,245,148,99,114,48
2021-01-17 00:00:00,150,142,208,201,212,193,106,68,63,33
2021-01-18 00:00:00,112,135,205,180,223,214,133,79,76,19
2021-01-19 00:00:00,129,179,263,216,193,238,138,101,79,42
2021-01-20 00:00:00,159,185,228,205,240,228,131,96,79,63
2021-01-21 00:00:00,149,207,246,254,236,225,140,79,97,42
2021-01-22 00:00:00,139,195,219,234,215,190,103,84,79,41
2021-01-23 00:00:00,139,156,209,204,202,173,128,71,66,42
2021-01-24 00:00:00,131,128,141,183,176,162,97,50,49,31
2021-01-25 00:00:00,131,127,176,150,161,175,109,48,61,39
2021-01-26 00:00:00,142,144,208,215,209,185,106,59,55,30
2021-01-27 00:00:00,161,176,155,166,167,165,104,78,58,38
2021-01-28 00:00:00,145,171,192,207,171,166,113,59,59,31
2021-01-29 00:00:00,157,168,171,197,186,167,99,62,56,16
2021-01-30 00:00:00,172,172,166,173,199,127,89,53,46,15
2021-01-31 00:00:00,143,124,120,119,149,116,57,31,38,21
2021-02-01 00:00:00,116,116,135,124,137,123,59,28,33,19
2021-02-02 00:00:00,151,165,158,188,182,130,67,59,46,34
2021-02-03 00:00:00,140,141,160,179,170,138,81,36,41,22
2021-02-04 00:00:00,161,145,120,159,149,127,75,35,23,12
2021-02-05 00:00:00,197,187,136,194,169,137,113,42,45,14
2021-02-06 00:00:00,163,142,123,165,173,140,86,35,41,12
2021-02-07 00:00:00,125,121,102,123,128,100,66,34,17,5
2021-02-08 00:00:00,106,109,90,124,126,88,53,28,16,10
2021-02-09 00:00:00,135,128,104,147,152,129,66,28,26,15
2021-02-10 00:00:00,174,178,161,168,178,131,76,44,29,15
2021-02-11 00:00:00,160,122,117,158,150,120,73,37,24,12
2021-02-12 00:00:00,161,146,144,165,166,120,70,38,17,9
2021-02-13 00:00:00,116,118,109,108,140,107,66,23,21,8
2021-02-14 00:00:00,88,104,100,120,114,87,48,33,14,9
2021-02-15 00:00:00,102,100,64,96,110,99,44,21,23,9
2021-02-16 00:00:00,122,115,110,122,132,99,50,25,18,15
2021-02-17 00:00:00,106,93,108,125,130,100,70,29,23,7
2021-02-18 00:00:00,118,135,148,121,118,97,61,41,12,7
2021-02-19 00:00:00,106,96,84,128,101,105,65,37,26,8
2021-02-20 00:00:00,100,112,95,95,116,96,69,35,22,13
2021-02-21 00:00:00,122,103,95,120,127,80,67,36,25,19
2021-02-22 00:00:00,85,79,76,96,101,83,44,28,20,8
2021-02-23 00:00:00,136,98,86,132,135,103,64,27,19,8
2021-02-24 00:00:00,126,131,80,127,133,118,55,36,26,10
2021-02-25 00:00:00,103,124,100,107,97,103,67,36,30,6
2021-02-26 00:00:00,145,112,114,137,138,115,59,25,24,9
2021-02-27 00:00:00,98,86,101,99,94,92,42,23,26,5
2021-02-28 00:00:00,77,69,81,98,77,85,41,26,12,7
2021-03-01 00:00:00,69,56,78,96,69,72,43,14,23,7
2021-03-02 00:00:00,121,94,134,143,129,101,47,31,18,7
2021-03-03 00:00:00,109,97,96,105,96,88,50,37,41,18
2021-03-04 00:00:00,117,97,123,134,120,112,68,50,31,12
2021-03-05 00:00:00,98,93,91,125,118,104,61,31,9,7
2021-03-06 00:00:00,93,83,102,127,106,72,60,23,15,7
2021-03-07 00:00:00,90,77,64,91,86,68,57,31,13,2
2021-03-08 00:00:00,80,72,82,87,91,75,66,23,16,4
2021-03-09 00:00:00,83,96,120,115,94,93,51,42,32,17
2021-03-10 00:00:00,88,98,84,107,127,92,62,37,15,5
2021-03-11 00:00:00,115,130,136,161,125,96,74,37,36,11
2021-03-12 00:00:00,111,112,127,114,132,98,66,33,12,13
2021-03-13 00:00:00,77,97,88,90,92,82,53,22,27,12
2021-03-14 00:00:00,88,79,70,80,103,71,45,25,7,3
2021-03-15 00:00:00,88,80,101,101,109,85,61,23,13,3
2021-03-16 00:00:00,157,142,151,172,170,122,83,31,16,7
2021-03-17 00:00:00,113,142,136,150,134,113,72,26,19,11
2021-03-18 00:00:00,91,118,121,124,151,113,65,25,14,4
2021-03-19 00:00:00,97,130,113,109,119,104,59,31,19,9
2021-03-20 00:00:00,80,90,71,83,99,81,50,22,16,6
2021-03-21 00:00:00,68,65,86,77,77,58,33,18,6,3
2021-03-22 00:00:00,140,184,154,148,167,138,80,41,19,4
2021-03-23 00:00:00,126,151,131,139,137,127,92,39,21,6
2021-03-24 00:00:00,105,191,153,145,167,151,57,45,13,6
2021-03-25 00:00:00,71,132,137,124,143,106,64,28,10,5
2021-03-26 00:00:00,89,157,143,141,136,110,78,27,16,2
2021-03-27 00:00:00,104,170,129,140,146,109,89,34,16,4
2021-03-28 00:00:00,109,152,130,119,140,110,62,25,10,3
2021-03-29 00:00:00,82,167,179,142,172,122,88,19,13,2
2021-03-30 00:00:00,135,191,243,202,172,168,107,27,13,2
2021-03-31 00:00:00,132,184,193,162,170,159,90,34,14,12
2021-04-01 00:00:00,139,211,222,209,183,177,104,37,15,8
2021-04-02 00:00:00,123,184,252,229,202,163,105,43,20,9
2021-04-03 00:00:00,150,218,207,170,169,173,100,35,18,4
2021-04-04 00:00:00,121,159,196,170,165,152,86,40,11,7
2021-04-05 00:00:00,105,209,231,165,198,161,95,33,12,10
2021-04-06 00:00:00,152,216,329,294,293,257,182,97,63,59
2021-04-07 00:00:00,150,238,299,235,257,224,125,52,23,9
2021-04-08 00:00:00,182,293,341,334,379,364,211,113,47,7
2021-04-09 00:00:00,195,295,346,277,283,238,145,80,35,9
2021-04-10 00:00:00,162,277,242,252,283,209,121,73,23,16
2021-04-11 00:00:00,146,210,233,212,235,188,106,48,23,10
2021-04-12 00:00:00,145,240,217,190,231,182,123,50,32,8
2021-04-13 00:00:00,158,206,258,227,242,230,137,41,29,13
2021-04-14 00:00:00,145,240,278,235,225,225,111,56,29,9
2021-04-15 00:00:00,194,289,264,255,240,204,146,57,28,4
2021-04-16 00:00:00,155,257,205,204,243,186,93,41,34,12
2021-04-17 00:00:00,140,194,201,182,185,166,102,27,30,3
2021-04-18 00:00:00,106,169,185,139,165,146,80,36,20,8
2021-04-19 00:00:00,136,151,182,172,185,159,102,34,21,12
2021-04-20 00:00:00,189,221,187,212,179,152,73,33,15,10
2021-04-21 00:00:00,137,199,177,146,188,139,77,26,31,14
2021-04-22 00:00:00,161,174,145,158,158,143,74,29,10,4
2021-04-23 00:00:00,166,179,187,185,210,142,101,39,17,8
2021-04-24 00:00:00,128,131,125,125,117,108,65,27,13,1
2021-04-25 00:00:00,115,121,155,138,128,100,86,37,17,7
2021-04-26 00:00:00,121,161,132,153,170,151,89,37,19,4
2021-04-27 00:00:00,149,159,150,185,162,143,90,35,18,11
2021-04-28 00:00:00,148,182,155,172,187,160,78,32,18,8
2021-04-29 00:00:00,155,170,196,161,156,134,80,27,14,7
2021-04-30 00:00:00,149,180,183,157,168,127,82,31,24,11
2021-05-01 00:00:00,105,177,120,111,139,132,47,39,20,5
2021-05-02 00:00:00,109,141,118,123,136,116,48,22,16,7
2021-05-03 00:00:00,119,132,142,121,129,101,64,22,20,5
2021-05-04 00:00:00,116,128,129,149,124,119,56,31,19,14
2021-05-05 00:00:00,124,179,143,123,128,103,69,28,25,5
2021-05-06 00:00:00,153,149,157,164,138,117,68,26,31,12
2021-05-07 00:00:00,147,157,149,147,131,119,87,31,36,17
2021-05-08 00:00:00,102,100,117,130,97,76,51,30,8,7
2021-05-09 00:00:00,73,130,121,94,97,76,45,22,18,7
2021-05-10 00:00:00,108,101,104,109,122,88,48,27,17,3
2021-05-11 00:00:00,84,148,146,125,125,85,47,24,24,10
2021-05-12 00:00:00,102,153,138,119,140,104,58,19,17,16
2021-05-13 00:00:00,89,191,155,124,125,101,51,20,26,9
2021-05-14 00:00:00,131,131,136,111,145,120,62,26,15,8
2021-05-15 00:00:00,71,118,123,78,85,76,42,14,14,4
2021-05-16 00:00:00,66,99,85,75,67,73,40,16,16,2
2021-05-17 00:00:00,62,97,102,77,84,72,33,20,12,3
2021-05-18 00:00:00,73,106,111,90,83,74,39,22,16,4
2021-05-19 00:00:00,101,146,157,95,122,81,37,22,20,4
2021-05-20 00:00:00,65,122,103,79,91,71,41,25,15,6
2021-05-21 00:00:00,76,114,96,85,82,62,47,17,9,3
2021-05-22 00:00:00,53,91,78,56,54,44,25,14,9,7
2021-05-23 00:00:00,46,82,51,52,52,43,26,13,8,3
2021-05-24 00:00:00,54,70,58,66,41,45,23,9,10,4
2021-05-25 00:00:00,59,70,84,71,76,49,24,10,7,9
2021-05-26 00:00:00,53,93,87,69,59,34,25,14,13,4
2021-05-27 00:00:00,53,91,73,51,66,44,30,11,8,1
2021-05-28 00:00:00,37,78,62,56,53,46,26,12,4,2
2021-05-29 00:00:00,42,62,55,38,56,26,24,7,6,1
2021-05-30 00:00:00,21,59,39,36,26,25,15,13,2,1
2021-05-31 00:00:00,35,54,46,40,35,24,16,14,2,1
2021-06-01 00:00:00,35,63,61,52,36,24,22,6,0,3
2021-06-02 00:00:00,44,61,53,50,40,27,13,6,2,2
2021-06-03 00:00:00,35,64,58,34,32,20,17,6,1,2
2021-06-04 00:00:00,33,34,48,37,20,30,10,10,7,3
2021-06-05 00:00:00,33,42,37,34,23,18,7,3,1,1
2021-06-06 00:00:00,24,43,32,19,15,13,11,1,4,3
2021-06-07 00:00:00,18,39,34,24,17,21,4,3,1,0
2021-06-08 00:00:00,23,45,36,36,30,12,14,6,0,2
2021-06-09 00:00:00,27,62,39,37,41,26,14,6,1,0
2021-06-10 00:00:00,29,53,32,31,30,18,7,1,2,2
2021-06-11 00:00:00,18,36,25,24,29,13,13,3,3,0
2021-06-12 00:00:00,21,33,20,24,15,18,7,1,2,1
2021-06-13 00:00:00,19,27,22,17,11,13,6,6,0,1
2021-06-14 00:00:00,23,31,18,13,12,7,4,1,2,1
2021-06-15 00:00:00,30,36,24,20,27,12,4,6,5,2
2021-06-16 00:00:00,21,28,33,22,24,13,13,11,2,1
2021-06-17 00:00:00,28,26,37,24,25,18,11,5,3,2
2021-06-18 00:00:00,21,25,26,17,13,11,8,8,5,1
2021-06-19 00:00:00,6,15,18,14,18,10,4,6,2,0
2021-06-20 00:00:00,9,14,18,14,16,12,6,3,2,3
2021-06-21 00:00:00,14,11,20,16,12,16,7,2,4,0
2021-06-22 00:00:00,8,22,30,15,9,13,4,3,4,2
2021-06-23 00:00:00,16,10,17,18,8,7,2,1,3,0
2021-06-24 00:00:00,15,10,11,18,10,10,5,1,1,0
2021-06-25 00:00:00,15,22,13,16,10,8,7,4,3,1
2021-06-26 00:00:00,11,15,11,17,5,11,4,1,0,0
2021-06-27 00:00:00,3,9,10,10,12,7,2,1,1,0
2021-06-28 00:00:00,16,12,16,20,11,8,9,2,0,1
2021-06-29 00:00:00,12,25,17,13,16,13,5,3,4,1
2021-06-30 00:00:00,9,9,14,15,7,9,9,5,1,0
2021-07-01 00:00:00,17,5,14,18,8,4,4,1,0,1
2021-07-02 00:00:00,4,7,10,11,8,8,4,1,0,0
2021-07-03 00:00:00,7,6,12,11,5,4,5,0,2,0
2021-07-04 00:00:00,2,4,8,4,11,4,3,0,1,0
2021-07-05 00:00:00,13,14,21,15,8,11,8,3,0,1
2021-07-06 00:00:00,9,8,18,13,8,6,8,6,1,2
2021-07-07 00:00:00,22,11,17,15,8,4,8,0,1,1
2021-07-08 00:00:00,2,3,25,17,8,4,3,0,0,0
2021-07-09 00:00:00,10,6,11,15,10,4,3,3,2,1
2021-07-10 00:00:00,5,8,13,15,11,6,4,0,1,1
2021-07-11 00:00:00,5,6,15,13,7,7,4,2,1,0
2021-07-12 00:00:00,6,6,10,9,9,6,5,0,0,0
2021-07-13 00:00:00,6,15,24,15,11,6,9,2,0,0
2021-07-14 00:00:00,8,6,32,24,2,4,4,2,1,1
2021-07-15 00:00:00,8,7,40,22,9,6,3,1,1,1
2021-07-16 00:00:00,5,4,31,20,8,3,4,1,3,1
2021-07-17 00:00:00,11,6,20,16,12,3,4,1,0,0
2021-07-18 00:00:00,9,8,18,12,5,3,0,3,1,0
2021-07-19 00:00:00,7,12,30,20,9,10,4,1,0,0
2021-07-20 00:00:00,15,7,34,16,15,9,6,4,4,0
2021-07-21 00:00:00,7,5,44,18,7,7,4,2,0,0
2021-07-22 00:00:00,9,14,57,19,14,10,3,3,2,0
2021-07-23 00:00:00,13,10,42,25,16,4,1,1,2,0
2021-07-24 00:00:00,9,9,32,21,14,7,2,1,2,0
2021-07-25 00:00:00,4,7,19,11,14,7,2,2,0,0
2021-07-26 00:00:00,8,17,38,21,21,11,4,1,1,1
2021-07-27 00:00:00,12,10,39,24,18,11,5,0,0,0
2021-07-28 00:00:00,11,14,49,27,17,6,5,2,0,1
2021-07-29 00:00:00,12,15,56,24,19,13,5,4,2,0
2021-07-30 00:00:00,24,20,49,32,20,12,7,5,1,0
2021-07-31 00:00:00,13,29,45,30,18,15,4,3,1,0
2021-08-01 00:00:00,28,17,43,22,15,8,2,0,0,1
2021-08-02 00:00:00,18,20,51,46,20,8,6,6,2,0
2021-08-03 00:00:00,20,34,74,34,22,12,2,3,3,0
2021-08-04 00:00:00,17,43,93,42,49,20,5,4,1,1
2021-08-05 00:00:00,22,46,100,47,40,19,7,3,1,0
2021-08-06 00:00:00,23,40,100,39,30,16,11,4,3,0
2021-08-07 00:00:00,31,35,77,54,37,18,7,8,0,1
2021-08-08 00:00:00,25,39,67,31,24,17,10,3,1,0
2021-08-09 00:00:00,31,39,87,42,38,26,9,9,1,2
2021-08-10 00:00:00,42,84,101,76,36,25,17,4,3,2
2021-08-11 00:00:00,38,59,126,74,53,22,10,6,1,0
2021-08-12 00:00:00,44,80,138,63,41,24,10,3,1,2
2021-08-13 00:00:00,50,73,123,72,37,28,10,5,3,0
2021-08-14 00:00:00,81,90,93,66,38,28,16,3,1,1
2021-08-15 00:00:00,49,49,91,55,30,29,19,6,2,0
2021-08-16 00:00:00,61,61,112,77,52,26,16,2,3,0
2021-08-17 00:00:00,55,82,135,69,36,24,14,7,0,1
2021-08-18 00:00:00,85,92,131,80,51,23,15,7,7,1
2021-08-19 00:00:00,90,109,190,98,57,41,14,4,1,0
2021-08-20 00:00:00,68,82,142,88,87,26,18,8,6,0
2021-08-21 00:00:00,48,74,112,56,45,26,10,8,3,1
2021-08-22 00:00:00,43,69,74,65,36,30,10,4,1,0
2021-08-23 00:00:00,49,69,118,74,43,36,13,8,3,0
2021-08-24 00:00:00,63,87,161,92,63,38,21,10,2,0
2021-08-25 00:00:00,82,109,182,117,77,43,17,12,5,3
2021-08-26 00:00:00,88,97,170,118,83,45,19,9,11,1
2021-08-27 00:00:00,85,71,126,95,64,40,12,6,5,0
2021-08-28 00:00:00,75,81,120,87,62,33,23,17,5,0
2021-08-29 00:00:00,66,72,96,70,50,29,19,6,8,2
2021-08-30 00:00:00,99,90,129,91,72,51,19,12,3,3
2021-08-31 00:00:00,117,128,168,116,72,53,28,15,8,1
2021-09-01 00:00:00,109,87,189,125,89,52,34,14,9,3
2021-09-02 00:00:00,111,108,197,147,90,54,31,19,3,0
2021-09-03 00:00:00,92,82,161,130,90,53,31,10,4,1
2021-09-04 00:00:00,132,87,141,99,60,55,35,12,10,0
2021-09-05 00:00:00,86,80,101,78,57,44,26,9,3,1
2021-09-06 00:00:00,104,85,141,100,69,58,24,13,6,1
2021-09-07 00:00:00,119,86,155,86,89,48,20,13,8,6
2021-09-08 00:00:00,126,98,175,144,101,64,35,13,7,2
2021-09-09 00:00:00,167,138,224,172,119,77,36,20,6,2
2021-09-10 00:00:00,151,112,194,164,105,75,37,26,13,2
2021-09-11 00:00:00,114,82,150,122,73,46,27,23,13,6
2021-09-12 00:00:00,114,93,109,96,76,54,29,25,12,8
2021-09-13 00:00:00,105,107,132,106,79,83,34,14,13,5
2021-09-14 00:00:00,168,124,134,119,86,57,28,16,12,5
2021-09-15 00:00:00,157,153,152,131,100,71,31,18,11,10
2021-09-16 00:00:00,139,116,155,145,102,62,54,25,17,4
2021-09-17 00:00:00,187,139,135,97,101,72,39,26,10,3
2021-09-18 00:00:00,145,85,77,101,93,65,41,23,8,3
2021-09-19 00:00:00,156,80,90,118,73,56,29,15,4,2
2021-09-20 00:00:00,150,102,90,99,80,52,31,25,9,5
2021-09-21 00:00:00,150,107,79,81,88,50,26,19,9,5
2021-09-22 00:00:00,169,111,116,142,105,70,36,21,6,7
2021-09-23 00:00:00,148,121,123,114,90,55,34,20,10,4
2021-09-24 00:00:00,192,130,105,115,102,69,30,24,9,4
2021-09-25 00:00:00,158,82,79,82,75,51,23,13,12,6
2021-09-26 00:00:00,122,79,48,74,68,46,28,14,11,3
2021-09-27 00:00:00,113,67,63,70,65,48,26,23,14,9
2021-09-28 00:00:00,144,96,59,71,73,53,37,20,10,3
2021-09-29 00:00:00,164,100,90,90,109,72,39,26,18,2
2021-09-30 00:00:00,131,112,64,85,64,45,31,22,19,14
2021-10-01 00:00:00,154,95,56,92,83,45,48,25,17,9
2021-10-02 00:00:00,98,65,45,67,52,30,21,11,4,3
2021-10-03 00:00:00,117,66,42,65,51,34,28,14,11,11
2021-10-04 00:00:00,115,88,36,79,53,42,35,16,10,4
2021-10-05 00:00:00,116,83,63,65,84,45,35,27,12,4
2021-10-06 00:00:00,135,114,69,90,72,58,29,25,17,4
2021-10-07 00:00:00,140,119,70,95,94,43,36,16,10,5
2021-10-08 00:00:00,126,85,73,90,77,70,38,21,15,3
2021-10-09 00:00:00,125,100,66,60,86,36,31,13,8,5
2021-10-10 00:00:00,99,83,37,64,66,26,27,8,8,3
2021-10-11 00:00:00,70,78,36,70,58,46,35,19,13,7
2021-10-12 00:00:00,143,101,64,96,69,49,24,25,8,4
2021-10-13 00:00:00,158,140,64,77,75,50,31,26,17,3
2021-10-14 00:00:00,144,134,65,99,98,53,42,37,13,4
2021-10-15 00:00:00,184,112,84,110,114,94,43,24,15,12
2021-10-16 00:00:00,102,64,42,68,62,38,28,17,6,0
2021-10-17 00:00:00,83,59,46,43,58,23,19,11,7,1
2021-10-18 00:00:00,86,76,57,64,57,28,21,22,9,1
2021-10-19 00:00:00,114,93,59,68,61,36,31,20,11,4
2021-10-20 00:00:00,102,80,35,56,49,40,22,16,8,3
2021-10-21 00:00:00,96,68,36,64,59,33,32,16,4,3
2021-10-22 00:00:00,110,99,39,60,55,34,28,7,14,1
2021-10-23 00:00:00,77,83,33,66,50,22,19,13,7,6
2021-10-24 00:00:00,79,50,37,45,47,18,28,25,10,3
2021-10-25 00:00:00,75,83,31,51,58,27,19,19,11,5
2021-10-26 00:00:00,90,72,39,78,71,49,22,14,14,4
2021-10-27 00:00:00,97,101,46,63,80,24,33,16,10,4
2021-10-28 00:00:00,143,125,58,67,68,30,29,17,11,8
2021-10-29 00:00:00,110,107,48,89,53,34,23,36,27,15
2021-10-30 00:00:00,124,142,33,82,52,41,28,19,13,4
2021-10-31 00:00:00,113,101,45,62,72,41,30,10,12,5
2021-11-01 00:00:00,107,88,46,73,61,35,23,17,23,11
2021-11-02 00:00:00,128,104,57,88,70,26,30,19,12,1
2021-11-03 00:00:00,160,121,58,99,81,49,32,21,12,6
2021-11-04 00:00:00,167,129,67,100,87,53,36,15,7,5
2021-11-05 00:00:00,157,123,55,90,72,37,26,25,8,3
2021-11-06 00:00:00,137,112,59,75,84,62,34,11,8,2
2021-11-07 00:00:00,122,112,52,63,71,35,24,12,8,2
2021-11-08 00:00:00,153,99,52,73,71,35,28,9,4,1
2021-11-09 00:00:00,178,147,91,115,83,52,30,15,7,5
2021-11-10 00:00:00,173,131,86,101,70,48,41,14,9,3
2021-11-11 00:00:00,164,116,70,108,110,52,48,21,7,3
2021-11-12 00:00:00,173,144,73,91,101,65,36,24,6,2
2021-11-13 00:00:00,133,90,53,64,75,47,22,14,11,2
2021-11-14 00:00:00,155,86,45,98,73,38,27,14,5,1
2021-11-15 00:00:00,162,103,53,76,97,49,29,16,8,0
2021-11-16 00:00:00,193,132,76,93,86,59,38,20,10,0
2021-11-17 00:00:00,185,151,88,135,115,53,42,13,11,0
2021-11-18 00:00:00,157,119,77,100,112,70,49,22,11,2
2021-11-19 00:00:00,200,129,75,100,105,71,43,23,19,1
2021-11-20 00:00:00,182,127,65,90,94,67,60,28,8,2
2021-11-21 00:00:00,182,115,38,93,110,63,42,9,7,3
2021-11-22 00:00:00,213,121,69,115,107,60,28,20,6,0
2021-11-23 00:00:00,219,175,92,131,125,73,33,27,9,1
2021-11-24 00:00:00,240,182,79,122,172,101,55,23,14,0
2021-11-25 00:00:00,337,221,93,178,164,71,50,36,19,3
2021-11-26 00:00:00,247,189,80,146,146,85,59,33,20,3
2021-11-27 00:00:00,206,128,66,116,127,73,58,25,15,3
2021-11-28 00:00:00,171,126,66,126,109,51,34,25,10,1
2021-11-29 00:00:00,227,150,51,143,165,89,58,31,5,2
2021-11-30 00:00:00,299,178,101,170,147,95,65,40,16,1
2021-12-01 00:00:00,366,224,109,199,162,101,66,48,13,2
2021-12-02 00:00:00,346,258,134,237,213,127,89,47,10,2
2021-12-03 00:00:00,349,225,136,220,188,124,96,37,15,2
2021-12-04 00:00:00,324,201,112,191,181,109,73,49,17,1
2021-12-05 00:00:00,271,199,87,153,207,107,85,31,11,1
2021-12-06 00:00:00,318,210,130,189,183,115,79,49,16,3
2021-12-07 00:00:00,378,270,139,236,235,137,91,50,15,5
2021-12-08 00:00:00,435,321,209,305,307,172,139,68,26,4
2021-12-09 00:00:00,459,345,194,320,297,162,112,58,28,5
2021-12-10 00:00:00,477,368,181,306,306,173,121,63,26,7
2021-12-11 00:00:00,408,329,145,258,247,145,106,51,18,8
2021-12-12 00:00:00,364,307,146,267,241,144,111,44,16,2
2021-12-13 00:00:00,426,328,269,376,347,188,133,63,27,7
2021-12-14 00:00:00,467,409,351,465,472,237,159,83,26,3
2021-12-15 00:00:00,528,474,550,618,577,300,184,92,32,4
2021-12-16 00:00:00,559,544,720,789,633,420,223,107,33,8
2021-12-17 00:00:00,637,622,649,805,710,443,260,133,51,14
2021-12-18 00:00:00,604,669,824,913,768,418,295,140,56,16
2021-12-19 00:00:00,564,622,857,818,692,446,222,137,38,8
2021-12-20 00:00:00,678,960,1397,1270,1005,665,368,162,61,16
2021-12-21 00:00:00,767,1088,1980,1633,1299,778,463,174,73,26
2021-12-22 00:00:00,932,1474,3152,2257,1656,1029,561,236,76,26
2021-12-23 00:00:00,826,1548,3523,2195,1680,1047,548,245,124,54
2021-12-24 00:00:00,768,1590,3384,2216,1653,1075,578,200,124,54
2021-12-25 00:00:00,694,1445,2939,2031,1539,1091,541,176,88,38
2021-12-26 00:00:00,673,1399,2697,1947,1688,1138,558,252,107,45
2021-12-27 00:00:00,846,1728,3278,2454,2195,1603,793,302,161,86
2021-12-28 00:00:00,937,1868,3569,2841,2566,1936,1022,407,214,109
2021-12-29 00:00:00,1262,2303,4145,3226,3249,2440,1253,502,283,111
2021-12-30 00:00:00,1162,2200,4050,3281,3157,2535,1373,497,294,133
2021-12-31 00:00:00,1114,1981,3495,2974,2869,2325,1245,532,323,132
2022-01-01 00:00:00,980,1704,2884,2483,2438,2154,1117,514,350,172
2022-01-02 00:00:00,887,1561,2713,2450,2350,2016,1159,478,355,159
2022-01-03 00:00:00,902,1407,2797,2432,2446,2060,1077,433,326,150
2022-01-04 00:00:00,1021,1857,3594,3036,3025,2546,1306,581,465,227
2022-01-05 00:00:00,1078,1829,3626,3040,2943,2568,1307,638,548,339
2022-01-06 00:00:00,859,1591,3419,2925,2732,2260,1201,635,504,278
2022-01-07 00:00:00,714,1335,2704,2242,2310,1986,1033,595,555,321
2022-01-08 00:00:00,419,791,1787,1515,1538,1303,719,411,500,302
2022-01-09 00:00:00,403,599,1587,1405,1407,1143,624,361,437,257
2022-01-10 00:00:00,316,544,1341,1309,1281,1017,578,372,405,255
2022-01-11 00:00:00,278,471,1205,1248,1195,1023,554,444,626,397
2022-01-12 00:00:00,250,389,1088,1160,1080,901,561,461,623,399
2022-01-13 00:00:00,254,386,1001,1090,1084,891,449,364,538,319
2022-01-14 00:00:00,208,335,995,911,904,695,411,337,421,296
2022-01-15 00:00:00,220,333,839,891,859,659,358,325,444,275
2022-01-16 00:00:00,221,256,691,766,749,529,317,236,299,192
2022-01-17 00:00:00,227,264,803,890,778,562,306,259,316,190
2022-01-18 00:00:00,259,316,836,951,873,690,378,309,359,235
2022-01-19 00:00:00,241,321,794,938,815,620,346,289,342,226
2022-01-20 00:00:00,200,260,784,835,716,565,281,276,356,245
2022-01-21 00:00:00,214,234,616,722,640,472,259,254,391,223
2022-01-22 00:00:00,227,188,458,610,515,343,241,201,281,184
2022-01-23 00:00:00,204,173,389,586,487,318,176,126,169,128
2022-01-24 00:00:00,253,205,546,776,598,425,214,143,190,113
2022-01-25 00:00:00,275,261,619,940,727,429,264,198,283,179
2022-01-26 00:00:00,270,259,505,803,646,386,206,202,227,167
2022-01-27 00:00:00,261,251,468,787,587,384,209,195,273,187
2022-01-28 00:00:00,241,251,432,737,580,351,181,127,213,141
2022-01-29 00:00:00,235,209,350,594,517,311,163,101,133,74
2022-01-30 00:00:00,260,201,311,604,472,254,115,105,126,68
2022-01-31 00:00:00,273,222,381,835,593,313,185,112,134,107
2022-02-01 00:00:00,340,283,459,904,731,412,181,159,217,123
2022-02-02 00:00:00,305,296,437,844,693,363,178,144,167,103
2022-02-03 00:00:00,230,247,356,676,636,308,111,103,151,93
2022-02-04 00:00:00,229,224,358,685,595,289,154,114,148,83
2022-02-05 00:00:00,171,200,264,527,420,248,118,82,143,67
2022-02-06 00:00:00,180,184,232,498,430,208,107,93,113,66
2022-02-07 00:00:00,253,258,340,674,621,329,145,102,143,69
2022-02-08 00:00:00,258,242,377,687,592,321,175,120,185,107
2022-02-09 00:00:00,192,200,353,604,548,284,130,127,143,88
2022-02-10 00:00:00,170,195,276,554,488,275,146,98,147,74
2022-02-11 00:00:00,148,166,255,463,451,247,110,93,130,66
2022-02-12 00:00:00,123,134,201,310,346,151,83,85,89,44
2022-02-13 00:00:00,117,132,198,382,309,173,81,64,61,57
2022-02-14 00:00:00,136,166,260,434,412,208,102,71,84,61
2022-02-15 00:00:00,144,150,238,479,413,193,112,91,97,65
2022-02-16 00:00:00,145,154,243,446,375,185,104,83,101,58
2022-02-17 00:00:00,124,129,243,398,310,190,95,80,77,64
2022-02-18 00:00:00,93,105,183,303,303,169,75,74,106,66
2022-02-19 00:00:00,74,92,142,220,225,130,75,66,94,52
2022-02-20 00:00:00,76,82,166,215,246,156,69,56,69,45
2022-02-21 00:00:00,84,133,234,327,353,209,80,83,69,47
2022-02-22 00:00:00,92,146,206,331,285,191,98,95,119,71
2022-02-23 00:00:00,71,113,205,329,288,146,84,81,88,49
2022-02-24 00:00:00,56,90,185,285,255,133,84,80,93,54
2022-02-25 00:00:00,43,83,140,187,203,134,69,58,74,53
2022-02-26 00:00:00,68,79,124,195,190,120,49,44,52,30
2022-02-27 00:00:00,40,55,147,177,179,97,70,54,51,40
2022-02-28 00:00:00,65,84,185,240,256,161,91,66,83,57
2022-03-01 00:00:00,81,73,194,205,214,127,84,83,80,58
2022-03-02 00:00:00,33,90,196,216,221,124,76,75,69,42
2022-03-03 00:00:00,52,94,186,246,229,120,91,72,76,52
2022-03-04 00:00:00,56,77,145,184,180,128,71,63,103,39
2022-03-05 00:00:00,38,55,109,154,152,112,58,41,54,34
2022-03-06 00:00:00,45,50,98,156,155,119,56,45,39,21
2022-03-07 00:00:00,63,79,210,249,262,165,74,52,92,46
2022-03-08 00:00:00,61,102,240,215,274,166,92,63,73,40
2022-03-09 00:00:00,45,79,220,230,219,116,90,66,103,63
2022-03-10 00:00:00,44,70,185,207,201,145,61,76,73,46
2022-03-11 00:00:00,42,86,153,175,163,139,74,84,49,34
2022-03-12 00:00:00,49,44,116,104,142,101,59,58,47,25
2022-03-13 00:00:00,39,25,100,145,146,87,50,50,48,29
2022-03-14 00:00:00,31,82,228,227,271,149,77,88,93,56
2022-03-15 00:00:00,49,81,273,252,242,200,94,76,105,54
2022-03-16 00:00:00,46,93,306,255,242,201,105,102,112,42
2022-03-17 00:00:00,48,75,248,236,241,163,100,86,103,49
2022-03-18 00:00:00,45,76,201,225,200,151,66,87,101,57
2022-03-19 00:00:00,32,63,189,175,147,117,79,61,61,22
2022-03-20 00:00:00,28,61,223,198,208,143,54,63,74,34
2022-03-21 00:00:00,46,124,393,304,315,214,96,96,76,43
2022-03-22 00:00:00,52,154,549,441,371,280,112,132,125,60
2022-03-23 00:00:00,58,133,621,456,406,252,144,131,118,57
2022-03-24 00:00:00,46,113,528,419,384,273,140,121,119,56
2022-03-25 00:00:00,58,118,459,408,395,265,137,117,125,55
2022-03-26 00:00:00,50,89,319,304,295,208,110,118,101,42
2022-03-27 00:00:00,55,84,302,335,340,279,126,109,100,40
2022-03-28 00:00:00,92,141,535,579,571,414,185,150,166,63
2022-03-29 00:00:00,86,136,677,610,599,429,187,187,161,70
2022-03-30 00:00:00,77,142,697,706,726,516,223,193,179,92
2022-03-31 00:00:00,104,125,569,597,566,430,211,216,190,90
2022-04-01 00:00:00,84,131,549,510,564,424,239,213,188,102
2022-04-02 00:00:00,59,96,399,427,434,344,186,183,162,102
2022-04-03 00:00:00,78,85,386,405,472,319,173,177,141,54
2022-04-04 00:00:00,95,147,540,650,680,520,237,247,222,101
2022-04-05 00:00:00,102,132,634,750,747,549,255,247,232,121
2022-04-06 00:00:00,82,140,593,668,708,481,261,285,234,114
2022-04-07 00:00:00,108,133,588,630,657,493,248,299,290,152
2022-04-08 00:00:00,81,108,433,506,507,406,266,223,296,151
2022-04-09 00:00:00,60,77,343,432,428,382,235,244,263,158
2022-04-10 00:00:00,60,67,323,429,450,347,201,222,255,109
2022-04-11 00:00:00,84,96,398,567,558,431,254,242,209,91
2022-04-12 00:00:00,89,101,495,613,633,511,299,347,321,168
2022-04-13 00:00:00,96,118,426,575,646,483,288,337,343,157
2022-04-14 00:00:00,73,101,338,512,539,369,264,310,289,151
2022-04-15 00:00:00,63,76,311,339,392,318,217,231,268,126
2022-04-16 00:00:00,50,51,258,284,286,267,158,183,164,107
2022-04-17 00:00:00,60,47,197,246,304,240,141,165,141,91
2022-04-18 00:00:00,58,49,268,366,406,327,181,178,161,105
2022-04-19 00:00:00,75,83,390,517,531,425,225,215,211,115
2022-04-20 00:00:00,66,66,409,529,546,398,271,291,253,130
2022-04-21 00:00:00,54,43,347,415,418,377,242,214,202,104
2022-04-22 00:00:00,56,56,266,342,406,304,188,208,206,101
2022-04-23 00:00:00,42,44,154,240,220,233,146,153,128,71
2022-04-24 00:00:00,61,37,178,216,233,243,162,129,131,67
2022-04-25 00:00:00,68,43,246,326,338,327,188,181,169,100
2022-04-26 00:00:00,71,46,239,345,332,293,199,186,149,102
2022-04-27 00:00:00,46,37,217,309,303,269,176,181,173,100
2022-04-28 00:00:00,46,47,202,267,292,281,179,185,175,96
2022-04-29 00:00:00,37,42,160,224,236,206,145,153,149,92
2022-04-30 00:00:00,28,28,117,176,171,169,108,105,85,59
2022-05-01 00:00:00,32,21,108,157,136,146,94,94,88,45
2022-05-02 00:00:00,73,48,162,263,265,233,162,133,133,80
2022-05-03 00:00:00,38,44,187,279,241,233,174,161,152,86
2022-05-04 00:00:00,47,42,173,224,230,213,123,118,104,31
2022-05-05 00:00:00,40,21,147,219,191,176,104,135,137,80
2022-05-06 00:00:00,38,21,123,179,163,147,123,97,102,57
2022-05-07 00:00:00,26,22,89,112,98,87,96,82,78,46
2022-05-08 00:00:00,23,14,82,142,102,103,92,63,65,35
2022-05-09 00:00:00,28,30,105,188,155,148,112,87,72,42
2022-05-10 00:00:00,33,29,127,195,152,186,118,97,120,66
2022-05-11 00:00:00,27,23,112,181,157,149,89,93,72,38
2022-05-12 00:00:00,24,23,113,133,126,117,93,85,96,48
2022-05-13 00:00:00,27,18,106,129,124,101,79,72,79,47
2022-05-14 00:00:00,28,12,69,103,85,84,73,81,50,20
2022-05-15 00:00:00,21,5,73,82,100,82,65,52,42,17
2022-05-16 00:00:00,20,17,81,120,113,113,80,85,69,40
2022-05-17 00:00:00,22,12,107,107,107,125,90,73,52,15
2022-05-18 00:00:00,16,14,101,104,102,104,77,58,53,14
2022-05-19 00:00:00,7,14,79,97,98,84,60,62,38,19
2022-05-20 00:00:00,22,11,76,80,87,73,63,51,47,19
2022-05-21 00:00:00,11,8,49,48,61,70,42,47,37,19
2022-05-22 00:00:00,12,15,47,48,73,64,58,48,35,6
2022-05-23 00:00:00,16,16,79,90,102,102,75,52,29,15
2022-05-24 00:00:00,21,19,90,128,114,112,77,61,46,14
2022-05-25 00:00:00,16,9,96,133,129,108,67,60,49,31
2022-05-26 00:00:00,13,14,81,115,100,99,61,46,51,8
2022-05-27 00:00:00,13,14,93,98,89,76,45,52,37,16
2022-05-28 00:00:00,8,9,60,74,78,77,36,47,25,20
2022-05-29 00:00:00,13,14,60,69,68,63,57,42,23,14
2022-05-30 00:00:00,24,27,89,140,114,108,66,68,44,11
2022-05-31 00:00:00,27,35,117,122,117,115,77,48,42,18
2022-06-01 00:00:00,29,36,122,142,152,115,84,52,36,27
2022-06-02 00:00:00,13,14,90,108,114,94,62,46,47,17
2022-06-03 00:00:00,17,16,64,103,91,60,51,44,42,15
2022-06-04 00:00:00,11,21,60,77,89,78,39,33,33,9
2022-06-05 00:00:00,9,15,83,89,81,64,45,39,26,5
2022-06-06 00:00:00,27,18,110,144,167,134,62,72,42,22
2022-06-07 00:00:00,29,28,115,141,129,117,50,58,43,18
2022-06-08 00:00:00,24,24,139,162,144,125,64,75,45,12
2022-06-09 00:00:00,16,25,101,142,132,142,79,55,52,18
2022-06-10 00:00:00,19,18,91,103,122,91,52,57,58,19
2022-06-11 00:00:00,19,19,57,90,76,78,52,57,51,19
2022-06-12 00:00:00,19,17,76,71,104,87,53,46,40,20
2022-06-13 00:00:00,19,35,121,141,176,155,85,68,54,18
2022-06-14 00:00:00,30,24,136,150,123,156,81,71,46,22
2022-06-15 00:00:00,33,25,156,182,189,155,68,83,66,20
2022-06-16 00:00:00,25,10,143,128,163,150,95,92,55,38
2022-06-17 00:00:00,13,33,123,127,145,110,71,82,46,18
2022-06-18 00:00:00,14,26,92,107,124,101,65,72,42,15
2022-06-19 00:00:00,17,20,85,124,92,102,55,67,25,22
2022-06-20 00:00:00,24,17,155,184,236,177,111,80,75,30
2022-06-21 00:00:00,21,28,189,212,243,201,115,83,49,31
2022-06-22 00:00:00,33,34,210,249,246,235,125,101,81,41
2022-06-23 00:00:00,27,29,166,184,204,174,97,115,77,35
2022-06-24 00:00:00,37,32,141,149,144,152,83,95,63,27
2022-06-25 00:00:00,23,27,127,121,165,125,72,75,67,27
2022-06-26 00:00:00,30,17,145,142,151,134,92,75,51,28
2022-06-27 00:00:00,37,53,255,260,338,304,123,146,93,25
2022-06-28 00:00:00,54,51,292,315,295,265,163,176,108,52
2022-06-29 00:00:00,44,37,295,296,297,245,174,154,128,55
2022-06-30 00:00:00,33,36,270,267,299,266,143,158,120,62
2022-07-01 00:00:00,36,34,182,180,184,156,118,131,120,56
2022-07-02 00:00:00,31,29,172,159,168,192,100,123,119,52
2022-07-03 00:00:00,34,21,175,179,185,180,99,123,114,31
2022-07-04 00:00:00,50,65,306,326,371,336,226,201,140,50
2022-07-05 00:00:00,51,45,279,294,308,297,187,204,158,81
2022-07-06 00:00:00,35,53,321,305,316,321,209,205,168,88
2022-07-07 00:00:00,34,44,253,263,282,277,184,203,177,78
2022-07-08 00:00:00,32,31,206,223,237,245,165,178,147,63
2022-07-09 00:00:00,34,38,163,166,160,188,119,177,123,66
2022-07-10 00:00:00,34,42,168,191,176,170,122,173,120,48
2022-07-11 00:00:00,37,54,309,319,326,283,201,223,173,89
2022-07-12 00:00:00,41,55,369,335,312,313,216,247,223,92
2022-07-13 00:00:00,55,67,404,364,353,314,226,244,216,92
2022-07-14 00:00:00,34,48,302,297,291,275,197,218,175,77
2022-07-15 00:00:00,49,68,313,312,295,260,188,247,182,89
2022-07-16 00:00:00,53,51,259,219,211,188,141,176,173,55
2022-07-17 00:00:00,47,35,232,249,205,200,124,149,108,53
2022-07-18 00:00:00,62,72,331,350,300,338,205,198,209,80
2022-07-19 00:00:00,49,65,429,459,379,312,233,202,210,64
2022-07-20 00:00:00,48,71,311,391,324,281,207,208,173,66
2022-07-21 00:00:00,44,48,304,352,325,274,147,216,161,79
2022-07-22 00:00:00,48,36,211,258,251,225,168,182,162,64
2022-07-23 00:00:00,35,24,183,190,174,180,140,156,132,69
2022-07-24 00:00:00,48,26,198,201,173,191,125,137,120,59
2022-07-25 00:00:00,39,35,251,299,285,280,179,203,154,75
2022-07-26 00:00:00,38,42,269,301,267,254,163,227,171,70
2022-07-27 00:00:00,41,48,219,237,236,224,177,163,160,69
2022-07-28 00:00:00,42,41,205,233,214,195,162,172,128,68
2022-07-29 00:00:00,43,39,175,207,197,154,142,167,147,69
2022-07-30 00:00:00,38,28,105,144,151,136,129,116,88,46
2022-07-31 00:00:00,32,20,139,142,127,125,100,134,104,47
2022-08-01 00:00:00,44,52,161,226,227,164,157,179,106,69
2022-08-02 00:00:00,31,46,207,199,202,186,139,175,176,86
2022-08-03 00:00:00,28,42,162,230,207,195,132,159,133,53
2022-08-04 00:00:00,41,37,131,148,149,129,84,153,114,56
2022-08-05 00:00:00,31,37,139,137,139,149,99,166,124,76
2022-08-06 00:00:00,22,26,95,89,113,102,99,108,82,50
2022-08-07 00:00:00,21,39,92,116,108,101,76,115,83,36
2022-08-08 00:00:00,39,47,139,204,203,182,143,140,130,44
2022-08-09 00:00:00,33,36,156,172,201,158,113,120,100,47
2022-08-10 00:00:00,29,31,165,174,161,174,130,149,114,42
2022-08-11 00:00:00,29,32,163,187,141,154,123,143,142,79
2022-08-12 00:00:00,29,29,126,130,123,139,84,115,85,59
2022-08-13 00:00:00,32,20,85,123,107,111,75,98,81,47
2022-08-14 00:00:00,26,22,86,91,89,104,85,94,87,31
2022-08-15 00:00:00,28,30,146,217,177,146,112,161,141,66
2022-08-16 00:00:00,29,24,147,189,186,193,115,160,147,73
2022-08-17 00:00:00,35,44,121,177,180,165,114,143,109,35
2022-08-18 00:00:00,41,27,108,143,142,135,104,121,120,57
2022-08-19 00:00:00,22,21,101,116,135,123,96,100,109,41
2022-08-20 00:00:00,24,30,60,96,110,81,62,104,87,33
2022-08-21 00:00:00,22,17,57,103,103,91,62,79,65,47
2022-08-22 00:00:00,32,19,114,153,158,129,103,105,103,32
2022-08-23 00:00:00,26,23,132,157,150,157,110,130,98,42
2022-08-24 00:00:00,33,26,97,141,132,124,99,102,100,51
2022-08-25 00:00:00,19,27,82,104,117,113,87,91,95,35
2022-08-26 00:00:00,28,25,120,115,107,95,87,92,70,22
2022-08-27 00:00:00,18,23,75,79,78,88,43,77,54,36
2022-08-28 00:00:00,20,9,51,66,89,74,47,62,49,22
2022-08-29 00:00:00,19,11,96,129,123,136,82,78,94,36
2022-08-30 00:00:00,30,18,103,146,160,144,119,105,97,35
2022-08-31 00:00:00,23,21,107,132,142,110,86,92,91,40
2022-09-01 00:00:00,25,25,98,123,108,111,72,136,68,36
2022-09-02 00:00:00,19,16,76,100,84,90,74,83,76,45
2022-09-03 00:00:00,24,14,56,68,59,62,56,68,53,18
2022-09-04 00:00:00,23,15,57,52,58,66,46,49,70,18
2022-09-05 00:00:00,21,17,63,102,103,99,62,71,58,19
2022-09-06 00:00:00,35,15,117,167,158,135,103,93,65,29
2022-09-07 00:00:00,21,18,94,168,157,123,62,113,81,30
2022-09-08 00:00:00,28,26,81,170,160,116,95,79,84,31
2022-09-09 00:00:00,23,12,71,93,112,106,60,83,60,32
2022-09-10 00:00:00,20,12,62,90,85,96,52,90,51,21
2022-09-11 00:00:00,21,21,56,68,96,60,69,90,63,22
2022-09-12 00:00:00,22,24,97,181,138,125,96,117,81,38
2022-09-13 00:00:00,30,18,94,128,148,126,97,96,81,28
2022-09-14 00:00:00,15,22,79,166,127,112,84,90,56,27
2022-09-15 00:00:00,31,13,81,122,129,98,86,93,79,21
2022-09-16 00:00:00,15,12,78,88,91,87,66,87,80,27
2022-09-17 00:00:00,17,17,39,64,84,58,52,60,50,23
2022-09-18 00:00:00,25,19,50,84,93,84,68,75,70,33
2022-09-19 00:00:00,30,19,90,160,156,142,94,90,113,33
2022-09-20 00:00:00,31,17,102,137,146,114,98,120,91,57
2022-09-21 00:00:00,14,21,91,125,159,134,88,103,78,37
2022-09-22 00:00:00,15,17,97,138,129,129,95,123,90,34
2022-09-23 00:00:00,17,17,73,121,136,121,68,109,78,30
2022-09-24 00:00:00,9,17,69,83,88,91,72,102,75,30
2022-09-25 00:00:00,18,8,57,84,84,97,84,84,65,22
2022-09-26 00:00:00,31,11,94,179,146,153,123,109,88,36
2022-09-27 00:00:00,29,11,111,153,172,173,128,154,104,47
2022-09-28 00:00:00,27,13,91,172,165,167,120,119,119,38
2022-09-29 00:00:00,24,11,84,116,134,146,101,135,108,34
2022-09-30 00:00:00,16,23,110,131,132,119,108,109,95,39
2022-10-01 00:00:00,15,6,43,88,76,74,78,112,75,36
2022-10-02 00:00:00,21,11,60,102,100,105,80,126,92,26
2022-10-03 00:00:00,16,15,88,153,140,137,127,137,106,36
2022-10-04 00:00:00,22,10,84,148,192,191,119,152,127,61
2022-10-05 00:00:00,9,19,94,135,151,162,123,132,107,45
2022-10-06 00:00:00,13,10,95,130,156,168,95,151,136,77
2022-10-07 00:00:00,16,15,99,115,125,122,140,144,101,54
2022-10-08 00:00:00,14,8,51,87,81,82,76,96,81,52
2022-10-09 00:00:00,19,7,55,86,71,89,99,116,118,46
2022-10-10 00:00:00,16,13,60,105,98,138,101,104,104,41
2022-10-11 00:00:00,27,10,117,162,177,180,119,144,122,43
2022-10-12 00:00:00,23,22,116,168,178,179,151,196,141,63
2022-10-13 00:00:00,16,23,94,148,161,168,120,152,126,50
2022-10-14 00:00:00,18,16,93,132,146,162,114,146,130,59
2022-10-15 00:00:00,14,12,54,80,98,83,86,125,105,52
2022-10-16 00:00:00,23,10,62,83,72,72,98,90,93,45
2022-10-17 00:00:00,20,15,114,160,142,159,132,140,131,40
2022-10-18 00:00:00,25,17,103,144,144,173,128,155,141,51
2022-10-19 00:00:00,20,14,113,143,142,152,119,143,132,49
2022-10-20 00:00:00,18,9,80,138,110,146,121,130,104,49
2022-10-21 00:00:00,19,14,61,106,101,112,79,113,109,48
2022-10-22 00:00:00,19,4,50,81,86,75,59,88,83,46
2022-10-23 00:00:00,15,10,50,81,82,88,67,82,75,46
2022-10-24 00:00:00,24,22,79,139,187,156,111,152,132,64
2022-10-25 00:00:00,25,11,90,144,152,143,118,136,135,57
2022-10-26 00:00:00,38,15,92,131,129,141,97,133,147,66
2022-10-27 00:00:00,22,14,77,123,134,121,102,140,127,74
2022-10-28 00:00:00,20,15,70,107,119,110,81,119,126,67
2022-10-29 00:00:00,9,7,50,75,52,64,71,81,85,55
2022-10-30 00:00:00,15,11,39,66,80,85,78,68,82,34
2022-10-31 00:00:00,18,14,97,127,131,134,109,107,105,53
2022-11-01 00:00:00,19,14,100,162,164,148,104,137,130,55
2022-11-02 00:00:00,21,20,92,126,128,105,95,128,111,40
2022-11-03 00:00:00,17,17,90,124,134,121,107,119,130,74
2022-11-04 00:00:00,29,17,88,107,111,101,89,109,108,55
2022-11-05 00:00:00,12,15,49,67,79,75,69,83,104,52
2022-11-06 00:00:00,22,10,58,69,84,75,74,92,104,48
2022-11-07 00:00:00,27,9,82,128,133,118,124,134,113,58
2022-11-08 00:00:00,14,21,101,118,130,134,99,107,119,67
2022-11-09 00:00:00,22,17,81,133,134,100,119,108,107,64
2022-11-10 00:00:00,12,7,73,95,93,103,81,101,114,47
2022-11-11 00:00:00,23,10,63,98,84,88,73,85,97,51
2022-11-12 00:00:00,18,8,43,55,73,65,53,75,79,50
2022-11-13 00:00:00,24,13,35,56,58,53,65,66,95,58
2022-11-14 00:00:00,21,14,94,128,121,115,71,107,94,49
2022-11-15 00:00:00,29,23,94,132,127,149,129,133,146,69
2022-11-16 00:00:00,10,10,78,116,130,108,86,102,110,89
2022-11-17 00:00:00,18,11,81,102,116,95,71,97,134,69
2022-11-18 00:00:00,17,9,57,96,100,93,74,92,109,62
2022-11-19 00:00:00,22,11,52,61,86,90,73,80,87,48
2022-11-20 00:00:00,18,6,61,71,85,72,68,72,107,58
2022-11-21 00:00:00,23,15,100,155,144,139,98,103,128,67
2022-11-22 00:00:00,26,20,113,176,143,150,101,131,129,85
2022-11-23 00:00:00,26,18,119,145,135,175,111,108,128,64
2022-11-24 00:00:00,23,7,90,130,137,98,102,114,153,84
2022-11-25 00:00:00,14,10,100,99,121,118,82,117,127,65
2022-11-26 00:00:00,24,14,61,88,84,87,72,88,123,60
2022-11-27 00:00:00,32,9,58,91,89,98,79,94,128,72
2022-11-28 00:00:00,23,19,113,162,154,192,137,129,151,74
2022-11-29 00:00:00,26,16,127,179,180,163,131,165,191,108
2022-11-30 00:00:00,24,15,135,180,184,210,140,152,155,119
2022-12-01 00:00:00,19,13,105,135,148,157,107,106,132,63
2022-12-02 00:00:00,20,13,95,131,146,145,104,125,149,66
2022-12-03 00:00:00,20,14,79,82,86,107,111,110,121,73
2022-12-04 00:00:00,15,11,69,95,104,80,98,99,98,50
2022-12-05 00:00:00,24,15,118,175,183,176,113,138,169,84
2022-12-06 00:00:00,26,13,127,182,202,196,148,168,188,98
2022-12-07 00:00:00,25,18,119,162,184,177,139,152,154,97
2022-12-08 00:00:00,26,12,124,150,161,155,108,132,152,81
2022-12-09 00:00:00,27,10,94,102,118,125,124,142,128,95
2022-12-10 00:00:00,25,15,81,73,83,97,72,141,136,98
2022-12-11 00:00:00,14,10,57,95,95,102,97,113,115,66
2022-12-12 00:00:00,26,15,155,184,156,166,130,129,142,63
2022-12-13 00:00:00,18,17,121,213,195,183,121,201,157,89
2022-12-14 00:00:00,32,13,122,196,196,200,130,173,172,129
2022-12-15 00:00:00,18,18,120,165,160,184,111,181,182,80
2022-12-16 00:00:00,22,13,101,124,129,133,116,156,167,99
2022-12-17 00:00:00,21,8,69,114,109,98,116,122,129,77
2022-12-18 00:00:00,36,11,88,94,96,97,91,131,137,99
2022-12-19 00:00:00,22,15,114,175,184,172,158,170,180,99
2022-12-20 00:00:00,33,12,131,205,211,221,143,211,180,112
2022-12-21 00:00:00,22,15,117,163,187,146,157,155,171,83
2022-12-22 00:00:00,17,14,91,110,143,126,122,163,131,75
2022-12-23 00:00:00,27,9,77,81,82,80,67,122,146,74
2022-12-24 00:00:00,18,5,51,46,49,61,54,87,89,53
2022-12-25 00:00:00,13,5,33,38,43,43,41,94,98,63
2022-12-26 00:00:00,18,10,76,91,86,80,64,127,150,67
2022-12-27 00:00:00,38,11,83,132,127,119,96,140,134,90
2022-12-28 00:00:00,28,18,114,153,151,159,118,156,163,83
2022-12-29 00:00:00,25,18,106,125,137,121,115,181,256,120
2022-12-30 00:00:00,26,11,88,97,117,79,77,122,133,69
2022-12-31 00:00:00,18,7,51,72,65,72,53,87,111,75
2023-01-01 00:00:00,21,10,32,43,32,34,42,76,101,62
2023-01-02 00:00:00,20,13,99,91,93,97,77,109,121,73
2023-01-03 00:00:00,23,9,115,127,116,127,89,128,125,68
2023-01-04 00:00:00,23,15,124,165,132,117,110,135,172,105
2023-01-05 00:00:00,10,11,76,114,96,115,94,128,147,93
2023-01-06 00:00:00,8,11,75,89,90,109,65,130,108,86
2023-01-07 00:00:00,14,10,49,50,68,60,68,76,94,61
2023-01-08 00:00:00,16,4,43,56,58,53,71,100,119,64
2023-01-09 00:00:00,12,10,58,124,86,90,88,130,122,70
2023-01-10 00:00:00,13,14,52,98,87,76,81,98,120,69
2023-01-11 00:00:00,18,9,55,69,83,76,82,114,136,100
2023-01-12 00:00:00,5,6,51,61,68,80,75,109,104,73
2023-01-13 00:00:00,10,6,36,48,57,53,47,78,91,63
2023-01-14 00:00:00,15,3,33,46,40,56,53,78,86,39
2023-01-15 00:00:00,8,11,36,60,56,54,56,74,82,46
2023-01-16 00:00:00,21,7,56,72,76,90,73,92,97,73
2023-01-17 00:00:00,14,9,71,75,75,86,64,91,101,52
2023-01-18 00:00:00,11,12,44,62,64,58,67,67,112,56
2023-01-19 00:00:00,14,6,53,65,55,51,49,74,105,58
2023-01-20 00:00:00,10,5,45,50,45,35,36,84,90,53
2023-01-21 00:00:00,9,7,24,32,45,46,38,45,43,30
2023-01-22 00:00:00,19,2,19,37,47,42,29,55,55,32
2023-01-23 00:00:00,15,9,47,81,80,68,53,64,78,40
2023-01-24 00:00:00,16,8,40,90,75,69,58,66,77,33
2023-01-25 00:00:00,24,13,60,95,84,49,49,51,48,37
2023-01-26 00:00:00,20,6,30,62,67,55,46,47,48,38
2023-01-27 00:00:00,14,6,42,65,59,52,37,55,64,22
2023-01-28 00:00:00,15,8,20,40,50,34,34,45,45,25
2023-01-29 00:00:00,16,5,38,50,47,37,31,35,53,26
2023-01-30 00:00:00,23,10,45,80,102,66,53,56,69,30
2023-01-31 00:00:00,23,14,58,89,104,67,48,74,78,29
2023-02-01 00:00:00,18,7,55,89,88,78,42,68,51,46
2023-02-02 00:00:00,11,17,50,87,83,57,53,65,66,44
2023-02-03 00:00:00,17,8,25,56,82,43,32,57,61,27
2023-02-04 00:00:00,15,10,23,37,44,26,24,54,37,26
2023-02-05 00:00:00,9,11,37,48,54,49,30,59,69,22
2023-02-06 00:00:00,15,9,63,87,86,71,69,71,72,46
2023-02-07 00:00:00,12,11,65,97,81,73,66,83,78,49
2023-02-08 00:00:00,14,7,52,92,98,81,51,78,76,40
2023-02-09 00:00:00,13,10,54,74,75,71,52,50,80,56
2023-02-10 00:00:00,11,9,43,61,65,57,65,64,87,44
2023-02-11 00:00:00,12,9,33,47,49,41,43,56,69,42
2023-02-12 00:00:00,12,6,29,46,44,34,36,58,71,43
2023-02-13 00:00:00,11,15,65,86,103,66,58,58,78,49
2023-02-14 00:00:00,19,18,62,68,74,82,66,74,78,44
2023-02-15 00:00:00,13,14,53,74,77,72,58,68,79,46
2023-02-16 00:00:00,8,13,50,67,74,54,50,58,71,37
2023-02-17 00:00:00,11,7,39,42,75,53,35,45,69,40
2023-02-18 00:00:00,14,11,35,35,54,33,43,50,73,49
2023-02-19 00:00:00,6,5,22,45,44,45,24,56,88,28
2023-02-20 00:00:00,13,6,54,73,79,78,80,80,88,63
2023-02-21 00:00:00,5,9,57,68,87,68,66,87,94,33
2023-02-22 00:00:00,7,8,46,81,77,60,40,70,64,33
2023-02-23 00:00:00,10,6,39,54,73,52,58,69,77,47
2023-02-24 00:00:00,10,7,46,59,49,53,41,63,85,44
2023-02-25 00:00:00,9,2,30,39,38,45,30,41,63,31
2023-02-26 00:00:00,6,3,28,43,42,43,41,62,69,32
2023-02-27 00:00:00,7,11,37,58,77,76,43,81,89,39
2023-02-28 00:00:00,12,7,57,81,77,65,79,93,112,37
2023-03-01 00:00:00,13,11,47,71,72,67,75,63,88,40
2023-03-02 00:00:00,5,2,54,64,44,59,53,76,66,32
2023-03-03 00:00:00,6,5,51,52,48,54,37,65,71,39
2023-03-04 00:00:00,5,4,25,36,35,31,32,37,59,30
2023-03-05 00:00:00,5,6,32,42,32,50,46,40,57,18
2023-03-06 00:00:00,5,5,56,73,81,64,56,78,84,43
2023-03-07 00:00:00,13,5,53,81,68,59,60,70,64,45
2023-03-08 00:00:00,14,6,49,65,52,47,51,57,75,34
2023-03-09 00:00:00,10,3,46,57,53,51,51,56,57,40
2023-03-10 00:00:00,9,4,27,48,48,58,40,62,64,30
2023-03-11 00:00:00,4,8,14,23,35,29,43,29,63,24
2023-03-12 00:00:00,4,3,21,34,30,44,30,43,42,33
2023-03-13 00:00:00,13,3,44,60,67,68,56,62,62,47
2023-03-14 00:00:00,18,3,37,63,51,62,56,71,75,34
2023-03-15 00:00:00,10,6,38,51,62,53,55,52,65,33
2023-03-16 00:00:00,11,5,36,45,57,49,41,55,62,38
2023-03-17 00:00:00,7,7,26,41,49,55,51,67,66,39
2023-03-18 00:00:00,6,3,25,34,32,28,38,55,41,23
2023-03-19 00:00:00,8,3,27,39,25,35,28,41,56,15
2023-03-20 00:00:00,6,9,40,53,70,54,48,80,59,31
2023-03-21 00:00:00,13,9,33,55,64,63,45,70,56,29
2023-03-22 00:00:00,8,6,44,62,70,50,45,64,50,20
2023-03-23 00:00:00,5,1,34,58,48,49,40,50,52,27
2023-03-24 00:00:00,5,4,32,40,44,47,36,48,67,29
2023-03-25 00:00:00,8,3,24,38,37,38,21,43,55,19
2023-03-26 00:00:00,5,1,19,34,34,34,30,37,41,13
2023-03-27 00:00:00,8,6,39,62,61,51,50,63,67,30
2023-03-28 00:00:00,9,4,50,55,59,53,55,56,49,22
2023-03-29 00:00:00,11,6,46,61,64,54,46,71,57,25
2023-03-30 00:00:00,10,6,43,48,58,33,34,53,54,29
2023-03-31 00:00:00,5,5,35,39,47,33,29,53,53,41
2023-04-01 00:00:00,7,5,21,30,39,31,20,45,55,27
2023-04-02 00:00:00,14,1,29,28,38,32,28,39,51,16
2023-04-03 00:00:00,10,4,35,63,51,64,62,57,58,21
2023-04-04 00:00:00,14,6,50,67,59,60,45,57,56,28
2023-04-05 00:00:00,12,4,33,47,55,55,41,52,67,19
2023-04-06 00:00:00,10,2,42,57,59,41,36,69,52,39
2023-04-07 00:00:00,7,5,38,29,39,37,31,63,59,27
2023-04-08 00:00:00,4,2,16,37,38,24,27,50,37,21
2023-04-09 00:00:00,7,5,21,22,31,26,29,44,54,9
2023-04-10 00:00:00,12,4,37,45,41,47,31,58,53,15
2023-04-11 00:00:00,11,9,50,67,80,59,55,75,50,18
2023-04-12 00:00:00,13,5,47,65,75,46,58,69,87,40
2023-04-13 00:00:00,9,6,42,75,63,57,55,57,88,22
2023-04-14 00:00:00,12,3,39,51,40,38,46,84,64,35
2023-04-15 00:00:00,2,5,16,30,24,22,33,38,41,23
2023-04-16 00:00:00,9,7,29,29,39,26,21,55,51,28
2023-04-17 00:00:00,7,4,42,69,39,60,57,77,72,27
2023-04-18 00:00:00,13,6,34,47,44,48,44,72,71,49
2023-04-19 00:00:00,7,4,29,45,38,42,43,59,68,21
2023-04-20 00:00:00,9,5,25,45,39,42,37,48,49,21
2023-04-21 00:00:00,11,2,25,40,44,38,27,48,74,39
2023-04-22 00:00:00,8,2,22,23,38,36,43,31,43,26
2023-04-23 00:00:00,1,3,19,18,12,34,22,42,37,36
2023-04-24 00:00:00,12,5,40,72,57,49,51,69,66,28
2023-04-25 00:00:00,4,5,28,52,53,38,43,61,51,19
2023-04-26 00:00:00,6,3,23,27,50,34,56,47,63,20
2023-04-27 00:00:00,5,1,22,47,31,41,32,53,54,24
2023-04-28 00:00:00,7,0,15,35,27,27,28,54,52,29
2023-04-29 00:00:00,11,0,14,26,27,28,25,33,43,26
2023-04-30 00:00:00,3,0,11,28,18,28,28,34,40,16
2023-05-01 00:00:00,6,4,27,65,59,50,42,69,61,27
2023-05-02 00:00:00,10,4,27,58,52,33,40,54,42,36
2023-05-03 00:00:00,7,4,29,38,34,31,39,33,44,24
2023-05-04 00:00:00,4,2,26,40,22,25,28,49,36,16
2023-05-05 00:00:00,5,4,19,31,34,30,24,35,39,17
2023-05-06 00:00:00,5,0,13,25,14,15,22,47,44,22
2023-05-07 00:00:00,5,1,11,18,21,15,19,24,31,21
2023-05-08 00:00:00,4,2,26,49,40,47,36,40,33,21
2023-05-09 00:00:00,3,0,16,27,30,44,21,35,52,12
2023-05-10 00:00:00,5,3,22,28,33,31,32,31,44,18
2023-05-11 00:00:00,4,6,17,37,29,32,26,42,49,22
2023-05-12 00:00:00,4,2,24,19,34,29,22,45,45,14
2023-05-13 00:00:00,3,2,11,23,15,23,22,19,28,12
2023-05-14 00:00:00,1,0,15,13,17,19,16,43,39,10
2023-05-15 00:00:00,2,5,41,28,25,33,29,41,46,33
2023-05-16 00:00:00,4,3,30,24,37,36,40,42,35,17
2023-05-17 00:00:00,6,3,11,25,33,31,31,37,50,21
2023-05-18 00:00:00,6,1,21,21,26,25,20,19,42,16
2023-05-19 00:00:00,8,1,13,15,24,25,28,46,52,24
2023-05-20 00:00:00,4,4,15,17,12,14,14,27,36,12
2023-05-21 00:00:00,4,2,2,16,19,13,21,29,31,7
2023-05-22 00:00:00,6,0,11,11,16,19,22,29,37,24
2023-05-23 00:00:00,1,0,20,27,32,44,37,41,54,23
2023-05-24 00:00:00,8,5,20,26,38,29,25,28,49,14
2023-05-25 00:00:00,6,0,13,36,31,29,22,29,28,20
2023-05-26 00:00:00,5,1,14,21,23,18,21,32,36,13
2023-05-27 00:00:00,2,2,8,11,20,15,10,28,32,10
2023-05-28 00:00:00,4,3,9,9,11,20,23,25,23,14
2023-05-29 00:00:00,3,1,15,23,31,46,29,34,42,13
2023-05-30 00:00:00,5,2,22,33,30,32,22,42,29,23
2023-05-31 00:00:00,7,2,20,15,28,25,29,35,30,18
2023-06-01 00:00:00,7,2,16,21,28,26,16,30,31,17
2023-06-02 00:00:00,2,2,16,18,20,18,25,38,36,24
2023-06-03 00:00:00,3,2,8,11,12,11,19,28,27,12
2023-06-04 00:00:00,4,2,7,10,9,11,18,17,25,8
2023-06-05 00:00:00,2,2,24,14,33,20,13,31,22,13
2023-06-06 00:00:00,3,1,21,27,23,18,26,25,27,10
2023-06-07 00:00:00,3,0,15,18,9,23,24,27,24,14
2023-06-08 00:00:00,6,4,14,11,19,21,25,18,18,9
2023-06-09 00:00:00,4,1,19,11,24,17,16,25,20,9
2023-06-10 00:00:00,3,3,9,6,11,13,11,22,21,14
2023-06-11 00:00:00,3,0,5,9,12,16,5,17,23,8
2023-06-12 00:00:00,3,1,11,14,24,19,15,38,26,16
2023-06-13 00:00:00,2,2,16,15,9,20,11,15,25,5
2023-06-14 00:00:00,3,0,10,15,12,17,20,23,21,5
2023-06-15 00:00:00,4,4,8,14,14,6,12,31,28,9
2023-06-16 00:00:00,3,0,8,16,10,8,12,14,11,6
2023-06-17 00:00:00,3,1,11,10,8,8,8,10,19,5
2023-06-18 00:00:00,2,3,4,8,6,3,11,7,18,4
2023-06-19 00:00:00,3,1,18,11,13,14,12,15,14,8
2023-06-20 00:00:00,1,1,10,10,12,13,16,22,15,8
2023-06-21 00:00:00,1,2,15,22,18,12,9,16,21,8
2023-06-22 00:00:00,2,1,10,15,9,15,9,11,18,7
2023-06-23 00:00:00,1,0,6,7,10,9,6,14,17,9
2023-06-24 00:00:00,0,1,3,5,7,3,8,15,14,10
2023-06-25 00:00:00,5,3,7,3,12,4,7,10,16,7
2023-06-26 00:00:00,5,0,13,17,10,14,12,20,23,14
2023-06-27 00:00:00,2,2,8,15,16,14,11,18,14,13
2023-06-28 00:00:00,0,1,12,10,4,15,12,16,22,9
2023-06-29 00:00:00,1,0,10,13,4,10,5,9,21,11
2023-06-30 00:00:00,1,2,9,12,6,8,6,9,14,18
2023-07-01 00:00:00,3,1,3,10,8,8,4,12,18,9
2023-07-02 00:00:00,1,1,8,8,7,9,16,11,6,5
2023-07-03 00:00:00,0,0,8,11,21,20,10,10,20,11
2023-07-04 00:00:00,0,2,14,15,9,11,9,13,20,9
2023-07-05 00:00:00,1,1,10,13,14,8,9,12,28,11
2023-07-06 00:00:00,0,0,11,8,11,8,15,20,15,3
2023-07-07 00:00:00,1,0,8,7,16,10,8,13,16,7
2023-07-08 00:00:00,1,1,6,4,5,5,7,17,19,6
2023-07-09 00:00:00,1,3,6,4,7,6,8,7,8,11
2023-07-10 00:00:00,3,0,11,13,19,6,10,12,15,8
2023-07-11 00:00:00,5,2,9,10,13,17,12,17,17,3
2023-07-12 00:00:00,1,4,9,9,16,7,10,13,21,9
2023-07-13 00:00:00,4,0,7,15,15,6,9,17,20,12
2023-07-14 00:00:00,1,0,12,7,16,7,11,14,33,14
2023-07-15 00:00:00,3,3,7,2,2,7,2,9,12,11
2023-07-16 00:00:00,5,2,8,6,7,2,5,7,12,4
2023-07-17 00:00:00,4,1,17,15,13,13,11,17,18,10
2023-07-18 00:00:00,0,3,18,13,12,11,6,15,15,5
2023-07-19 00:00:00,3,4,18,14,8,5,9,10,18,5
2023-07-20 00:00:00,2,0,18,16,13,12,9,13,10,4
2023-07-21 00:00:00,5,2,21,14,10,15,7,18,13,10
2023-07-22 00:00:00,1,0,10,11,11,6,10,13,12,8
2023-07-23 00:00:00,3,2,9,6,10,2,3,9,4,5
2023-07-24 00:00:00,2,3,19,15,19,16,6,11,10,5
2023-07-25 00:00:00,5,3,11,21,26,20,11,11,9,9
2023-07-26 00:00:00,1,4,27,19,11,13,9,19,21,11
2023-07-27 00:00:00,1,0,14,23,16,17,9,16,13,9
2023-07-28 00:00:00,3,3,10,10,6,13,13,18,16,7
2023-07-29 00:00:00,2,2,4,3,10,13,8,15,15,7
2023-07-30 00:00:00,2,0,10,9,10,3,7,18,19,10
2023-07-31 00:00:00,0,0,17,28,11,4,17,18,21,12
2023-08-01 00:00:00,4,1,16,27,23,25,15,18,15,3
2023-08-02 00:00:00,8,1,18,20,9,13,20,27,17,9
2023-08-03 00:00:00,1,0,16,19,18,17,12,22,18,16
2023-08-04 00:00:00,1,1,26,23,15,14,14,25,31,8
2023-08-05 00:00:00,5,2,8,11,18,13,11,15,34,17
2023-08-06 00:00:00,2,1,10,15,14,12,12,14,19,11
2023-08-07 00:00:00,2,2,28,25,39,21,21,37,33,13
2023-08-08 00:00:00,2,2,22,37,37,25,17,18,34,23
2023-08-09 00:00:00,7,1,21,28,30,26,19,38,45,16
2023-08-10 00:00:00,3,2,31,23,24,14,23,31,29,14
2023-08-11 00:00:00,3,3,25,38,22,22,19,26,38,13
2023-08-12 00:00:00,3,7,16,19,19,18,20,31,28,18
2023-08-13 00:00:00,0,1,13,9,18,20,22,23,35,14
2023-08-14 00:00:00,5,3,31,42,43,29,25,40,34,18
2023-08-15 00:00:00,1,4,29,29,30,42,20,38,42,11
2023-08-16 00:00:00,4,4,36,40,30,36,25,42,37,18
2023-08-17 00:00:00,11,4,31,27,36,26,29,45,50,27
2023-08-18 00:00:00,5,1,22,37,36,23,29,35,50,16
2023-08-19 00:00:00,5,4,21,18,21,21,23,27,25,20
2023-08-20 00:00:00,7,5,10,16,32,22,23,26,24,18
2023-08-21 00:00:00,4,5,45,56,54,36,25,37,36,15
2023-08-22 00:00:00,9,6,36,50,58,33,25,39,51,13
2023-08-23 00:00:00,8,2,34,45,45,37,26,38,37,18
2023-08-24 00:00:00,5,2,41,32,38,44,34,55,48,23
2023-08-25 00:00:00,4,5,34,42,34,31,28,45,48,24
2023-08-26 00:00:00,10,3,14,28,25,29,34,33,36,20
2023-08-27 00:00:00,3,0,33,30,22,35,19,30,43,24
2023-08-28 00:00:00,6,4,43,69,58,45,38,46,51,23
2023-08-29 00:00:00,6,8,62,50,73,49,39,45,72,26
2023-08-30 00:00:00,11,4,41,38,52,45,31,51,46,24
2023-08-31 00:00:00,9,7,47,58,60,53,29,47,42,35
2023-09-01 00:00:00,6,7,59,51,50,45,34,38,55,32
2023-09-02 00:00:00,6,3,24,25,25,32,41,37,53,34
2023-09-03 00:00:00,9,4,12,37,32,31,32,48,62,33
2023-09-04 00:00:00,8,5,29,34,53,40,25,45,55,32
2023-09-05 00:00:00,5,7,57,77,76,75,46,68,72,32
2023-09-06 00:00:00,10,6,59,85,85,60,35,65,78,34
2023-09-07 00:00:00,7,6,56,62,74,46,47,60,68,35
2023-09-08 00:00:00,10,5,45,59,60,52,38,48,61,35
2023-09-09 00:00:00,8,5,34,60,38,41,33,47,50,30
2023-09-10 00:00:00,14,8,29,28,48,45,32,49,69,28
2023-09-11 00:00:00,14,5,57,93,98,77,49,64,65,35
2023-09-12 00:00:00,13,7,66,79,87,60,55,73,60,39
2023-09-13 00:00:00,12,10,64,108,71,80,47,68,83,32
2023-09-14 00:00:00,8,8,60,71,79,63,43,79,69,29
2023-09-15 00:00:00,12,4,68,72,80,59,48,47,52,31
2023-09-16 00:00:00,10,5,39,44,54,43,36,63,59,23
2023-09-17 00:00:00,11,7,37,40,60,45,36,46,72,25
2023-09-18 00:00:00,13,10,88,138,153,88,53,80,78,38
2023-09-19 00:00:00,7,6,93,116,147,85,71,97,73,50
2023-09-20 00:00:00,17,8,76,98,81,77,59,87,80,50
2023-09-21 00:00:00,9,5,68,87,113,94,80,79,99,33
2023-09-22 00:00:00,9,3,77,95,100,85,60,74,101,45
2023-09-23 00:00:00,8,5,43,46,55,57,43,90,70,39
2023-09-24 00:00:00,12,1,48,57,65,46,45,81,86,26
2023-09-25 00:00:00,14,10,90,129,163,128,84,89,104,52
2023-09-26 00:00:00,8,7,82,132,156,124,77,100,101,48
2023-09-27 00:00:00,11,3,75,125,134,89,80,92,97,49
2023-09-28 00:00:00,14,7,69,89,95,96,70,125,116,47
2023-09-29 00:00:00,7,8,69,92,116,93,73,101,132,61
2023-09-30 00:00:00,12,8,36,50,44,74,52,83,110,54
2023-10-01 00:00:00,15,7,32,67,66,62,64,88,127,60
2023-10-02 00:00:00,16,9,100,136,153,147,124,141,177,66
2023-10-03 00:00:00,18,11,90,115,142,122,100,108,136,65
2023-10-04 00:00:00,13,4,80,103,104,119,86,118,137,59
2023-10-05 00:00:00,15,6,64,82,103,87,93,115,121,57
2023-10-06 00:00:00,12,2,56,58,87,74,79,112,100,50
2023-10-07 00:00:00,11,4,31,43,51,40,46,82,80,51
2023-10-08 00:00:00,14,0,32,38,53,36,37,72,91,30
2023-10-09 00:00:00,8,3,23,47,59,62,60,86,87,35
2023-10-10 00:00:00,11,7,61,97,103,95,88,118,89,38
2023-10-11 00:00:00,7,3,58,98,84,64,84,92,102,32
2023-10-12 00:00:00,15,1,36,79,88,72,54,66,65,34
2023-10-13 00:00:00,10,3,40,70,76,47,56,63,62,40
2023-10-14 00:00:00,10,5,21,47,33,29,45,68,54,26
2023-10-15 00:00:00,12,6,31,44,34,40,32,75,73,24
2023-10-16 00:00:00,9,3,53,95,81,88,64,62,98,38
2023-10-17 00:00:00,10,1,49,86,84,71,73,80,75,36
2023-10-18 00:00:00,14,8,49,72,79,69,51,85,100,51
2023-10-19 00:00:00,11,2,47,65,74,61,62,90,102,40
2023-10-20 00:00:00,13,3,54,63,61,59,63,79,115,55
2023-10-21 00:00:00,8,2,21,29,25,43,44,68,55,34
2023-10-22 00:00:00,6,2,33,39,34,52,42,62,85,34
2023-10-23 00:00:00,11,6,40,63,94,83,77,91,88,39
2023-10-24 00:00:00,12,3,48,72,83,69,54,87,86,36
2023-10-25 00:00:00,14,4,54,56,73,72,61,69,81,39
2023-10-26 00:00:00,9,4,50,68,77,69,60,82,88,38
2023-10-27 00:00:00,12,2,34,41,63,68,61,88,93,48
2023-10-28 00:00:00,9,3,21,27,45,41,34,60,86,31
2023-10-29 00:00:00,7,4,12,43,42,49,33,52,64,32
2023-10-30 00:00:00,9,0,59,93,92,65,61,70,88,41
2023-10-31 00:00:00,11,3,61,57,83,53,64,68,86,32
2023-11-01 00:00:00,13,6,61,76,74,74,44,73,85,48
2023-11-02 00:00:00,10,5,57,71,63,62,49,68,91,29
2023-11-03 00:00:00,10,4,54,60,48,76,47,75,82,31
2023-11-04 00:00:00,15,6,30,44,36,40,34,65,61,33
2023-11-05 00:00:00,15,3,36,50,55,44,37,77,76,28
2023-11-06 00:00:00,9,6,47,67,102,72,46,58,70,51
2023-11-07 00:00:00,14,5,66,106,119,88,68,80,95,51
2023-11-08 00:00:00,14,6,60,84,83,62,58,75,65,33
2023-11-09 00:00:00,13,6,50,75,84,55,54,63,71,35
2023-11-10 00:00:00,13,7,39,66,91,70,65,83,72,42
2023-11-11 00:00:00,16,4,31,38,50,39,43,81,58,38
2023-11-12 00:00:00,14,5,33,46,62,55,39,71,76,35
2023-11-13 00:00:00,15,5,61,127,92,117,69,77,89,34
2023-11-14 00:00:00,21,10,69,99,111,77,59,90,96,42
2023-11-15 00:00:00,16,6,68,102,111,97,81,75,93,42
2023-11-16 00:00:00,25,10,47,88,105,89,80,79,97,39
2023-11-17 00:00:00,14,4,57,66,80,88,54,95,80,34
2023-11-18 00:00:00,18,5,44,54,57,45,51,64,72,31
2023-11-19 00:00:00,19,2,33,56,68,38,48,84,90,34
2023-11-20 00:00:00,20,6,67,125,144,113,87,80,86,31
2023-11-21 00:00:00,21,9,78,84,99,100,69,89,77,47
2023-11-22 00:00:00,26,10,87,97,101,113,81,78,95,50
2023-11-23 00:00:00,26,3,60,97,106,84,71,70,83,33
2023-11-24 00:00:00,21,10,50,99,105,98,68,65,95,59
2023-11-25 00:00:00,24,3,44,62,71,74,52,71,78,44
2023-11-26 00:00:00,18,5,45,68,70,60,49,76,90,36
2023-11-27 00:00:00,16,5,101,132,153,125,81,92,108,38
2023-11-28 00:00:00,19,10,82,116,129,122,65,92,95,59
2023-11-29 00:00:00,21,8,98,137,170,110,99,102,137,55
2023-11-30 00:00:00,21,11,71,106,110,106,64,94,85,36
2023-12-01 00:00:00,19,4,85,86,128,122,95,67,85,60
2023-12-02 00:00:00,22,4,51,55,76,62,52,82,74,43
2023-12-03 00:00:00,26,2,57,79,87,72,71,73,83,40
2023-12-04 00:00:00,29,8,127,138,150,132,89,91,98,37
2023-12-05 00:00:00,34,14,112,166,173,148,98,90,97,43
2023-12-06 00:00:00,29,9,113,165,169,132,88,83,82,39
2023-12-07 00:00:00,21,13,90,120,155,141,92,86,95,30
2023-12-08 00:00:00,34,8,77,102,120,111,64,84,76,33
2023-12-09 00:00:00,22,4,53,63,71,64,51,71,61,34
2023-12-10 00:00:00,32,6,51,65,95,70,56,66,94,38
2023-12-11 00:00:00,24,7,88,148,150,120,85,98,72,36
2023-12-12 00:00:00,29,7,125,214,236,178,117,117,119,55
2023-12-13 00:00:00,33,9,136,191,173,130,80,98,97,50
2023-12-14 00:00:00,40,12,130,152,188,140,97,96,103,63
2023-12-15 00:00:00,43,8,104,143,177,138,97,89,107,46
2023-12-16 00:00:00,31,12,61,101,93,76,59,87,120,54
2023-12-17 00:00:00,27,8,44,74,120,75,64,79,98,57
2023-12-18 00:00:00,21,8,111,154,180,166,106,118,117,52
2023-12-19 00:00:00,25,8,110,172,153,161,105,121,153,60
2023-12-20 00:00:00,37,11,103,136,142,127,108,101,107,43
2023-12-21 00:00:00,31,5,91,135,126,115,95,120,115,51
2023-12-22 00:00:00,17,9,59,91,95,86,73,106,101,39
2023-12-23 00:00:00,26,5,42,71,67,65,46,73,86,57
2023-12-24 00:00:00,31,3,48,49,64,48,50,70,73,32
2023-12-25 00:00:00,23,2,27,28,32,38,62,67,84,36
2023-12-26 00:00:00,18,5,66,74,83,91,67,81,89,42
2023-12-27 00:00:00,33,15,119,153,150,156,86,106,96,63
2023-12-28 00:00:00,47,8,115,119,156,102,88,121,144,72
2023-12-29 00:00:00,51,16,83,110,87,96,73,103,116,67
2023-12-30 00:00:00,33,7,52,71,78,69,60,86,112,58
2023-12-31 00:00:00,28,8,36,52,42,56,43,73,84,39
2024-01-01 00:00:00,19,0,22,38,40,46,42,78,80,33
2024-01-02 00:00:00,41,16,64,88,73,88,65,94,96,53
2024-01-03 00:00:00,35,13,107,133,148,121,98,115,99,47
2024-01-04 00:00:00,30,12,96,122,112,107,80,91,102,52
2024-01-05 00:00:00,21,7,67,109,90,87,64,92,80,61
2024-01-06 00:00:00,24,8,49,41,53,49,53,71,80,36
2024-01-07 00:00:00,17,8,33,49,47,40,65,46,73,35
2024-01-08 00:00:00,27,6,56,91,102,79,74,77,78,40
2024-01-09 00:00:00,16,4,49,63,94,71,69,69,86,60
2024-01-10 00:00:00,20,2,30,51,56,46,50,62,72,35
2024-01-11 00:00:00,23,1,32,48,63,60,59,64,83,37
2024-01-12 00:00:00,24,7,27,62,54,48,49,59,77,38
2024-01-13 00:00:00,13,7,21,21,38,27,20,44,53,20
2024-01-14 00:00:00,15,3,16,25,20,18,24,50,50,33
2024-01-15 00:00:00,12,5,46,49,61,53,58,44,45,25
2024-01-16 00:00:00,13,4,35,48,50,50,28,46,42,28
2024-01-17 00:00:00,13,3,20,56,36,33,32,42,49,23
2024-01-18 00:00:00,11,10,29,53,51,48,37,47,57,27
2024-01-19 00:00:00,16,3,31,31,37,30,31,44,44,29
2024-01-20 00:00:00,17,4,12,19,19,19,26,37,30,20
2024-01-21 00:00:00,9,2,10,27,18,20,21,21,36,19
2024-01-22 00:00:00,17,1,27,51,43,36,33,36,47,29
2024-01-23 00:00:00,22,7,33,52,50,43,18,31,34,20
2024-01-24 00:00:00,16,5,19,56,48,34,29,33,35,17
2024-01-25 00:00:00,15,6,18,27,36,23,23,25,35,16
2024-01-26 00:00:00,13,3,13,33,36,24,20,24,36,19
2024-01-27 00:00:00,13,3,8,25,18,16,19,22,28,15
2024-01-28 00:00:00,12,1,10,17,15,16,18,23,23,13
2024-01-29 00:00:00,14,5,29,61,51,32,23,43,30,18
2024-01-30 00:00:00,18,4,17,33,39,31,25,26,34,10
2024-01-31 00:00:00,14,4,15,35,40,16,22,32,32,12
2024-02-01 00:00:00,12,7,21,27,40,26,25,30,25,11
2024-02-02 00:00:00,16,7,10,24,26,22,28,22,30,12
2024-02-03 00:00:00,11,2,9,15,19,12,16,29,21,16
2024-02-04 00:00:00,8,7,11,15,21,9,13,19,16,17
2024-02-05 00:00:00,10,5,12,32,44,26,31,22,28,8
2024-02-06 00:00:00,10,2,16,26,44,18,22,35,24,12
2024-02-07 00:00:00,15,6,12,24,24,20,23,23,17,13
2024-02-08 00:00:00,8,2,15,26,25,31,22,23,20,14
2024-02-09 00:00:00,9,6,18,25,19,26,18,21,25,12
2024-02-10 00:00:00,7,2,11,8,13,8,17,20,16,11
2024-02-11 00:00:00,6,3,13,10,19,15,15,12,36,11
2024-02-12 00:00:00,8,2,22,46,43,28,22,24,24,12
2024-02-13 00:00:00,6,1,19,31,26,21,21,25,28,11
2024-02-14 00:00:00,4,1,12,24,15,26,14,24,29,13
2024-02-15 00:00:00,17,4,12,25,26,23,14,15,22,10
2024-02-16 00:00:00,10,0,12,18,20,22,23,22,12,15
2024-02-17 00:00:00,7,2,5,7,15,11,11,18,24,6
2024-02-18 00:00:00,7,4,5,4,13,8,11,15,14,11
2024-02-19 00:00:00,5,3,13,25,20,29,11,23,25,20
2024-02-20 00:00:00,4,1,8,21,12,12,20,17,32,12
